kinase,CNC(=O)NC1=CC=C(C=C1)C2=NC3=C(C=NN3C4CCC5(CC4)OCCO5)C(=N2)N6CC7CCC(C6)O7,C1=CC(=C(C=C1I)F)NC2=C(C=CC(=C2F)F)C(=O)NOC[C@@H](CO)O,C1CCC2=C(C1)C(=C(S2)NC(=O)C3=CC=CC4=CC=CC=C43)C#N,C1COCCN1C2=CC=C(C=C2)NC3=NC=CC(=N3)C4=CC=C(C=C4)C(=O)NCC#N,C1CN(CCC1N2C3=CC=CC=C3NC2=O)CC4=CC=C(C=C4)C5=NC6=CC7=C(C=C6N=C5C8=CC=CC=C8)N=CN7,COC1=NC=CC(=C1NS(=O)(=O)C2=C(C=C(C=C2)F)F)C3=CC4=C(C=CN=C4C=C3)C5=CN=NC=C5,C1=CC2=NC=CC(=C2C=C1C=C3C(=O)NC(=O)S3)C4=CC=NC=C4,COC1=C(C=C2C(=C1)C(=NC=N2)NC3=CC(=CC=C3)Cl)OC,CC(C)(C#N)C1=CC=C(C=C1)N2C3=C4C=C(C=CC4=NC=C3N(C2=O)C)C5=CC6=CC=CC=C6N=C5,CS(=O)(=O)CCNCC1=CC=C(O1)C2=CC3=C(C=C2)N=CN=C3NC4=CC(=C(C=C4)OCC5=CC(=CC=C5)F)Cl,COC1=CC(=CC(=C1)C2=CC3=C4C(=CN=C3C=C2)C=CC(=O)N4C5=CC(=C(C=C5)N6CCNCC6)C(F)(F)F)OC,CC(C)S(=O)(=O)C1=CC=CC=C1NC2=NC(=NC=C2Cl)NC3=C(C=C(C=C3)N4CCC(CC4)N5CCN(CC5)C)OC,CC1(C(=O)NC2=C(O1)C=CC(=N2)NC3=NC(=NC=C3F)NC4=CC(=C(C(=C4)OC)OC)OC)C,C1=CC=C2C(=C1)C3=NNC4=CC=CC(=C43)C2=O,CC1=CC(=CC2=C1NC(=C3C(=CC=NC3=O)NC[C@H](C4=CC(=CC=C4)Cl)O)N2)N5CCOCC5,CC(=O)N1CCN(CC1)C2CCC(CC2)N3C4=C(C(=N3)C5=CC(=C(C=C5)NC(=O)C6=CC7=CC=CC=C7N6C)OC)C(=NC=N4)N
AAK1,0.268973257252,0.268944757418,0.269002777303,0.268963968327,0.26943851921,0.269024802402,0.270919776227,0.268943306296,0.269220744362,0.268946626423,0.269490755139,0.269075267633,0.269123536384,0.269648601378,0.269066004105,0.269101975242
ABL1,0.269620635086,0.272905812859,0.275852272721,0.271409912334,0.279185948031,0.269849402984,0.276538410722,0.280417154507,0.272322848242,0.27135929096,0.276837569633,0.272261034314,0.299700264587,0.315694447407,0.275255741102,0.305545705434
ABL2,0.26894348773,0.268978315088,0.268964615331,0.269154874806,0.270181338558,0.268947844743,0.26902601899,0.269375900927,0.269092015902,0.268973243261,0.269013870219,0.269151139653,0.271987038839,0.269644820657,0.269069364084,0.271351752987
ACVR1,0.268947430053,0.269065468818,0.269055327769,0.269398605117,0.270199785406,0.26916181108,0.271566170367,0.269270472538,0.269766853535,0.269019776186,0.270446692351,0.269691834839,0.280910336634,0.278385796099,0.269994994299,0.270389081944
ACVR1B,0.268946538745,0.268995978451,0.268987691352,0.269116312722,0.269804095132,0.268996173238,0.269600981298,0.268949106874,0.269542853584,0.268949473839,0.269311282348,0.26900485078,0.269908787562,0.269562749574,0.269163280218,0.269202753047
ACVRL1,0.268955022829,0.268943120384,0.268943298749,0.269168045349,0.26929726743,0.269044442591,0.27009592267,0.268960582501,0.269602158153,0.268973198569,0.269005116059,0.268946479384,0.269737310425,0.269135754643,0.26900227502,0.269182422457
ADK,0.269072279576,0.268942034948,0.26894320272,0.271457721759,0.275225329137,0.268971276925,0.268968895369,0.269182328239,0.269387816406,0.271956036632,0.26902573205,0.268952101367,0.269815743592,0.269624373709,0.269019265833,0.270659585639
ADRBK1,0.269000573012,0.268967864283,0.269041015362,0.268960370499,0.26916223419,0.268950084161,0.269459119007,0.268943957856,0.269162950931,0.268951555544,0.269376680554,0.268951693005,0.270629908336,0.269899464981,0.269096532349,0.269041026329
AKT1,0.269208269814,0.269158387768,0.269406236384,0.269058782042,0.433979092902,0.269471254638,0.282836589787,0.268957696,0.274382659001,0.269023962397,0.287487959977,0.269028926521,0.270103878154,0.281310209531,0.286621775389,0.269517552488
AKT2,0.269006579726,0.268987302486,0.269014922152,0.269006755575,0.465963958204,0.268971567833,0.272955545555,0.26894601235,0.269313892313,0.268967445048,0.269227303826,0.268995649247,0.269539865826,0.278620779695,0.275520336681,0.269184029568
AKT3,0.269014011769,0.269022871397,0.269088065752,0.26903505557,0.278671371107,0.268966268663,0.275146301141,0.269065616144,0.269062763825,0.269337204096,0.269116691931,0.268970895936,0.272056348982,0.284248663005,0.272136723315,0.26901988869
ALK,0.268943251797,0.271878433821,0.269022604585,0.270980376175,0.29825914521,0.269474654886,0.269254144519,0.269205991523,0.269265611579,0.26912354042,0.271298097883,0.601597838027,0.339869584498,0.272695124563,0.280305257051,0.291043539259
ANKK1,0.268942782474,0.269026431646,0.268959558929,0.269010029346,0.269500273867,0.268949613581,0.269091778543,0.268953270251,0.269044529033,0.268953005923,0.269168041502,0.268978274259,0.273413750744,0.269779304621,0.269221717368,0.269070359056
ARAF,0.268941478436,0.269716580405,0.268956839468,0.268983793761,0.269024667161,0.269067109568,0.268961004114,0.268944186105,0.268948225173,0.268947327006,0.2689611051,0.269021802846,0.270990443462,0.270432917159,0.268968147499,0.268962611939
ATM,0.268952249266,0.272236895272,0.272390658953,0.26960019129,0.269518622032,0.26901486826,0.269301965176,0.268977927671,0.269570847314,0.269063356599,0.269133423419,0.269309918549,0.26984453744,0.274236523991,0.282780306454,0.26959011703
ATR,0.2689432972,0.26894606496,0.268971277238,0.269048425779,0.26962156046,0.268942310655,0.268969645158,0.268941424098,0.269155210053,0.268941511305,0.269700819572,0.268949810453,0.269177981298,0.274967899912,0.269016887435,0.270034521371
AURKA,0.269363386579,0.269776642447,0.270822238399,0.313184900513,0.282661883442,0.269545243032,0.273059391288,0.276053103832,0.269330908406,0.270609950859,0.269512492054,0.270884531336,0.366537162071,0.31914107524,0.270479112939,0.269884701737
AURKB,0.26907367286,0.269778837234,0.269334319884,0.274861956866,0.277373280373,0.269428376627,0.271304294702,0.275684718125,0.269035216919,0.270194195205,0.269166314474,0.270880561061,0.344877648201,0.292299451349,0.269927941214,0.270383284743
AURKC,0.268947805122,0.269032401594,0.268952957117,0.269752970783,0.270119227384,0.268954553048,0.269080714279,0.26902344441,0.268950473433,0.268976428718,0.268946815028,0.269010683601,0.289077748901,0.278373929464,0.26902432537,0.26897305371
AXL,0.268986138758,0.269190525188,0.26909334743,0.271737603846,0.271718916616,0.269503176412,0.269192772296,0.269194647048,0.269479312875,0.269261160792,0.269128397681,0.269347183153,0.280028918238,0.271084376056,0.269414101489,0.27126600828
BLK,0.268951825003,0.2692249523,0.269110753324,0.269348079273,0.270742586344,0.269028228879,0.270097466559,0.270485605031,0.269701832733,0.2697511474,0.26918411893,0.269244870522,0.293473571665,0.279869022805,0.269970022489,0.279034492149
BMP2K,0.268942600465,0.269265147742,0.269016038328,0.269018277096,0.269793144606,0.268946251835,0.269173105271,0.268968187518,0.269044061975,0.268954977822,0.26908887289,0.269003963554,0.273306233038,0.270440525628,0.269424166098,0.269188173511
BMPR1A,0.268976663117,0.268951360237,0.268952756039,0.269110366862,0.269494325666,0.269009015151,0.269679907207,0.268947707769,0.269716061906,0.268949949193,0.269359776412,0.268968994756,0.269866236058,0.269308934391,0.269080512592,0.269062564145
BMPR1B,0.268954789122,0.268971880686,0.268971428094,0.26909583596,0.269498963769,0.269004554305,0.269653196404,0.269019165167,0.270355025636,0.268982493756,0.269770610751,0.269199429787,0.273318073862,0.269573893788,0.269272074277,0.269325274657
BMPR2,0.268947898846,0.269000821469,0.268992336334,0.269070308193,0.269742389481,0.268950834588,0.269223870894,0.268957549704,0.269200977428,0.26894935005,0.269110945385,0.26898375342,0.271469075146,0.270119283983,0.269356449408,0.269325731193
BMX,0.268949007854,0.268950148085,0.268974385023,0.269569861787,0.269957493263,0.268987453564,0.269514764717,0.268999977162,0.276802968194,0.26898240125,0.269819855091,0.268960177556,0.280212996757,0.270121303107,0.269062473606,0.27178492008
BRAF,0.268979868789,0.271149607104,0.269408977069,0.270151473778,0.270391881083,0.31904595889,0.270564392518,0.269592754501,0.269236580326,0.282280297478,0.271408681924,0.273354974028,0.273689618143,0.284112025363,0.269275628944,0.271118373097
BRSK1,0.268942599087,0.269340879549,0.269253484991,0.26911041363,0.26958258767,0.268959430642,0.270392607696,0.269022937549,0.268998320157,0.268975590338,0.269103955409,0.269352803238,0.292811561611,0.300353145485,0.26959128166,0.269225516629
BTK,0.268962617285,0.269712752626,0.269301544367,0.275511725865,0.294679853169,0.269187303079,0.269183542106,0.269062904322,0.276458692347,0.269065674178,0.269260263457,0.269076455882,0.277542721405,0.270458061828,0.272035944602,0.310634798715
BUB1,0.268941423602,0.268953415285,0.268952354162,0.268952625162,0.269362775741,0.268944975807,0.268962421595,0.268960261542,0.268947463812,0.268949616547,0.26894591685,0.268944739477,0.270000436474,0.269021990552,0.268962139911,0.268957408902
CAMK1,0.26894447246,0.269003445428,0.268968926199,0.269079220789,0.269557641317,0.268948173112,0.269416537236,0.268980419867,0.269133473968,0.268982008672,0.269162104389,0.269107413981,0.278599200463,0.270522678578,0.269526051617,0.269299461668
CAMK1D,0.268951535285,0.269332899092,0.269160693732,0.269212824934,0.27068315523,0.268953368479,0.269410870415,0.269018713051,0.269199203373,0.268995835456,0.269087983949,0.269099767842,0.279154522082,0.272685085053,0.269595968383,0.269140311083
CAMK2A,0.268943443584,0.269384516381,0.269097441039,0.269086137463,0.270962753652,0.268949754871,0.269278873643,0.268968271957,0.269036654779,0.268963504449,0.269043553983,0.269027148548,0.276450202738,0.273580439211,0.269753127273,0.268992381902
CAMK2B,0.268948444914,0.26905349982,0.2693404912,0.26900921375,0.274787425782,0.268977003012,0.269469905418,0.268953806448,0.269137353014,0.26898530415,0.269261871526,0.269079027215,0.271801330603,0.281173355068,0.270170179829,0.26899547057
CAMK2D,0.268943899756,0.269430232112,0.269091167825,0.269592185582,0.271966664915,0.268960355927,0.270761295569,0.268990080583,0.269067441511,0.268975489461,0.269171732021,0.269058467008,0.293385116468,0.293067744332,0.270293999217,0.269061670674
CAMK2G,0.268944273434,0.269595179163,0.269224260157,0.269237549623,0.27301063662,0.268958575308,0.269854128709,0.268977883467,0.269064632402,0.268963260417,0.269105627265,0.269071474049,0.291202658756,0.291971532356,0.269845095501,0.269059981019
CAMK4,0.268945257539,0.269074935975,0.268956134458,0.268976432324,0.269395933261,0.26894822279,0.269118515834,0.268947041895,0.269015056538,0.268946105262,0.269130280982,0.269000898503,0.272112285147,0.269526379603,0.269206167703,0.26905058891
CAMKK1,0.268944373203,0.269090838153,0.269002224317,0.268982769737,0.269473911266,0.268947849919,0.26908048206,0.268963730143,0.269078835752,0.268963129491,0.269084648848,0.26900957061,0.273360829756,0.270378092261,0.269248809391,0.269078746881
CAMKK2,0.268944244365,0.269217846005,0.268988856775,0.269005271545,0.269682285223,0.268947288039,0.269059239209,0.269016411444,0.269072312002,0.268997379896,0.269058324785,0.270073313716,0.281567398084,0.270828247597,0.269376343609,0.269256015658
CDC42BPA,0.268949960047,0.269449992716,0.269346346212,0.269001134486,0.269681637014,0.269100114259,0.272691928511,0.268975402277,0.269216470847,0.26896968597,0.269962445532,0.269007931029,0.271901559448,0.272816740247,0.269354535592,0.269117963228
CDC7,0.268947893673,0.26903108842,0.269010356927,0.269406710903,0.275912231898,0.26903956598,0.334953637987,0.268947008695,0.269073497267,0.268953104885,0.269557691814,0.268966452023,0.280468500101,0.282339553377,0.269593774626,0.26900288679
CDK1,0.269064247899,0.270863405484,0.271471674273,0.273704751807,0.276146828342,0.269033567346,0.273268973358,0.269563769903,0.269659052426,0.269685948469,0.273221676469,0.274203631818,0.347132686603,0.402385096954,0.273404121358,0.269722988593
CDK14,0.268943915814,0.269045378065,0.268987649434,0.269000117122,0.269416161008,0.268944932057,0.26914672709,0.268955663082,0.268989795252,0.268960276815,0.269046413636,0.268971193583,0.271782776934,0.270070098749,0.269274285669,0.26904824892
CDK16,0.268944648551,0.269182606116,0.26898651494,0.269000013056,0.269659408806,0.268950990703,0.269051471002,0.268953366294,0.269019364083,0.268959140147,0.269025883978,0.26900380264,0.27332201995,0.270535920936,0.269539351437,0.269088621852
CDK17,0.268943258774,0.269242658127,0.268963129781,0.268990172074,0.269372197586,0.268945600183,0.268980558394,0.268970026816,0.268968470543,0.268967307271,0.268983760205,0.269057240242,0.277526616311,0.269913634428,0.269160697236,0.269076909886
CDK19,0.26894310911,0.26906729774,0.26897212633,0.269089623978,0.26913853901,0.268958153249,0.269061352724,0.268995752285,0.268963042106,0.26897015846,0.268987413054,0.269014384586,0.27451493574,0.269901299044,0.26905190628,0.269109331708
CDK2,0.269312640791,0.270336687163,0.273904523576,0.281588666819,0.276016334564,0.269292134586,0.27626221854,0.269219575383,0.269397038933,0.269326488598,0.273373556532,0.270500695968,0.301570354572,0.407818777654,0.275017903948,0.270024242569
CDK3,0.268963178553,0.268956230129,0.269046495317,0.268949955998,0.269057046162,0.268942930033,0.269150237099,0.268942543199,0.269013746605,0.268947601033,0.269113649464,0.268943913398,0.270953613673,0.270857617431,0.268994677716,0.268968270267
CDK4,0.269101033416,0.270641431429,0.270935622937,0.275165666091,0.272280225788,0.268965786142,0.271174721764,0.269005214695,0.269330426709,0.268993267708,0.275987031424,0.270522534213,0.307476341832,0.32654684921,0.271360887034,0.269702735491
CDK5,0.269132855605,0.270300593906,0.273910227161,0.270915623788,0.272082591259,0.269082310823,0.289275856004,0.269001656787,0.269214362671,0.269075973042,0.270764015484,0.269550532219,0.275216445007,0.331275324371,0.271109061611,0.269120354653
CDK6,0.268945174804,0.268988813894,0.269111082914,0.269354995436,0.269901813914,0.268943379815,0.269652124482,0.26894728221,0.269025467013,0.268942776291,0.269157505511,0.26966798447,0.278712277266,0.271876778871,0.269152353041,0.269010867667
CDK7,0.268943860722,0.268984974022,0.269608425452,0.269573190843,0.270018256949,0.268948501648,0.269211222421,0.268955664575,0.268995708233,0.268952258329,0.270035266196,0.269668119423,0.277822512307,0.276994536401,0.27217003484,0.269001569583
CDK8,0.268969494823,0.270192350523,0.269376683464,0.268997495092,0.269492688565,0.269185887185,0.284853324595,0.268966179345,0.269167463886,0.268979815816,0.269315155052,0.268950049,0.271107704059,0.276051307379,0.270285785296,0.269051061053
CDK9,0.268944046388,0.26906286212,0.268994304725,0.279336920319,0.273829942769,0.269241998743,0.268974839006,0.269167887723,0.268987685639,0.271585236072,0.268980331438,0.270202454388,0.274140799402,0.283854777663,0.269826207119,0.269043186927
CDKL2,0.268943291065,0.269020675006,0.268963971284,0.26899428796,0.269205277183,0.268947704921,0.269200927569,0.268960259972,0.268978924827,0.268952401436,0.269023292967,0.268960403958,0.271388251106,0.269892097105,0.269092385445,0.269033429278
CHEK1,0.269008401564,0.271014591523,0.272406731405,0.269947523831,0.287038601463,0.268973399184,0.274765241071,0.269011301249,0.269103913827,0.26894418188,0.275142972255,0.269158497769,0.299841616509,0.300719468202,0.275154674176,0.270111172877
CHEK2,0.268952054673,0.271784776398,0.269627972703,0.269270005169,0.272541433789,0.269061173874,0.270541525281,0.26919155096,0.269314915426,0.26902879107,0.270910924955,0.26900429,0.273892063299,0.279346357536,0.269331879269,0.26925019952
CHUK,0.268951182568,0.270237124618,0.269384703805,0.270144840753,0.270861089131,0.269171780239,0.269939693072,0.268954254658,0.268998880555,0.269001600997,0.268989336067,0.269037702104,0.273259115966,0.275687825306,0.269756142826,0.268969878867
CIT,0.268943381731,0.269133087715,0.268962553593,0.269013888879,0.269650232244,0.268965040485,0.269146058317,0.26905956295,0.269040546167,0.26901262208,0.269102739159,0.269018883777,0.274336082741,0.269970011384,0.269406409749,0.269087329074
CLK1,0.268961117861,0.269047016883,0.269835099327,0.2692262126,0.269697582522,0.269476484309,0.274406690338,0.269426030982,0.27252449927,0.269730509626,0.273143032496,0.26902803183,0.273197881077,0.272441169017,0.269394244273,0.269628495153
CLK2,0.268957317022,0.269205193324,0.269821872805,0.270017361488,0.273460784343,0.269180609787,0.284070202419,0.269339688843,0.270328891501,0.269440273224,0.269870390341,0.269283161402,0.286172050493,0.291572164358,0.270581937171,0.269705173641
CLK4,0.269015998632,0.269566318388,0.270693633582,0.269893925952,0.271424067184,0.273393107038,0.333767902817,0.27333219674,0.277213157134,0.276946414847,0.271173647006,0.269082387743,0.285613402952,0.295271853932,0.270847080739,0.270156023658
CSF1R,0.26900254976,0.278436952212,0.272268863704,0.269393032683,0.269642717667,0.269156712556,0.269976337786,0.270117600147,0.269481258097,0.269073926007,0.269200268089,0.269490399175,0.334396461807,0.276785075263,0.27055753039,0.275596036504
CSK,0.268952436495,0.269286506309,0.269079352087,0.269905460412,0.271102758643,0.269022187297,0.269149906746,0.271451433044,0.271301959596,0.269316200539,0.26986375483,0.269180844894,0.280817883418,0.273064447207,0.269925949291,0.275290958539
CSNK1A1,0.268991249924,0.269140025437,0.269241119509,0.270010735999,0.27175705494,0.269238292613,0.330710105651,0.268957510705,0.270013056033,0.269007327922,0.270390933581,0.269045139559,0.277881397692,0.284564918212,0.270267801662,0.269410730571
CSNK1D,0.268954879054,0.269183783375,0.26906996986,0.269693942014,0.277309817547,0.270714028411,0.282282420558,0.268962523387,0.270665328838,0.269060548592,0.269408233999,0.269005868654,0.273273930528,0.293027141472,0.269242807341,0.269645894486
CSNK1E,0.268943050506,0.269113421996,0.268958209066,0.269154032048,0.275875915178,0.269440684029,0.27123549458,0.268945838348,0.269223603298,0.268989179987,0.268994161728,0.26897703716,0.269663298127,0.27337530662,0.269016227467,0.269068721768
CSNK1G1,0.268947613477,0.270734131749,0.269231284939,0.269155438848,0.269547876833,0.268985897671,0.274141818857,0.26903268455,0.269081920586,0.268980421783,0.269357166178,0.268967482021,0.275278180589,0.281271276202,0.269280315926,0.269073735165
CSNK1G2,0.268943237853,0.269413437395,0.269150367583,0.269135099226,0.269712738317,0.269019258519,0.275851493219,0.269006253479,0.269117909325,0.2689795782,0.269562801172,0.268972265732,0.279776595806,0.290033892687,0.269485855402,0.26907488885
CSNK1G3,0.26894277284,0.269378282108,0.269177884895,0.269113035715,0.26958773022,0.268988955435,0.271307922267,0.268971652251,0.269012341844,0.268967475253,0.269242699814,0.268983140202,0.273514968944,0.285059095691,0.269629374005,0.269038906201
CSNK2A1,0.269647430471,0.268976947364,0.270349428178,0.2695480131,0.27242149788,0.269051155166,0.280700158035,0.27118518225,0.274031371474,0.269245431671,0.273087743385,0.273079529165,0.288457847538,0.274959469877,0.274542135579,0.269012939532
CSNK2A2,0.268943809171,0.269006343322,0.269006759189,0.269084844996,0.270448767867,0.268946679887,0.26972667654,0.269082067528,0.269034594131,0.268957320647,0.26904477569,0.269134917946,0.27293863377,0.272089510656,0.2694604002,0.269089243981
CSNK2B,0.268943145701,0.268971979775,0.26901747762,0.269276110442,0.269795724548,0.268951347882,0.269036014559,0.268982333334,0.269371169328,0.268950740555,0.269008927431,0.270429077558,0.270215381825,0.269437025635,0.269204255054,0.268954779899
DAPK1,0.268945019375,0.269242474888,0.268991427381,0.269173435712,0.269900833772,0.268955021459,0.269254938171,0.268956329259,0.269242808222,0.268953414565,0.269217324676,0.26935300082,0.277496085363,0.270308422717,0.269460449654,0.269241575909
DAPK2,0.268944607155,0.269053807691,0.268961536155,0.269057183119,0.269670077336,0.268948775481,0.269180931508,0.268950332992,0.269098879662,0.268946805811,0.269191500037,0.269037043656,0.275281343642,0.269823089373,0.269314774664,0.269145881062
DAPK3,0.268962646964,0.269920414324,0.269675463701,0.269318814325,0.270873668049,0.269050921556,0.294356908977,0.269429219847,0.269603550522,0.269159229527,0.270210290638,0.269294402938,0.292050937553,0.298979067162,0.270515261352,0.269172970224
DCK,0.268942727083,0.269029399787,0.268970295792,0.26894493303,0.269275966221,0.269088582951,0.269052319447,0.26894250806,0.269328894796,0.268954179853,0.270734328774,0.269026733874,0.269202855456,0.269170286694,0.269313716661,0.269794643966
DCLK1,0.268941807479,0.269162197892,0.268965706458,0.269063179167,0.269949544487,0.268950978809,0.269084140246,0.268960693061,0.268968004951,0.26895800926,0.269079456121,0.270388839971,0.284425669454,0.274566265751,0.269367037216,0.269081648327
DCLK2,0.268943400957,0.269024755663,0.268950805597,0.269133561248,0.270046376207,0.268945400641,0.268996698523,0.268947644245,0.269007270655,0.268945634273,0.269085725682,0.26953868316,0.274021157163,0.269460202591,0.269098559337,0.269054986179
DCLK3,0.268944790779,0.26901443632,0.26896815214,0.269044852196,0.270663731383,0.268946446047,0.269069379029,0.268955486184,0.269074098361,0.268950844441,0.269052316694,0.269010787132,0.272787198012,0.269903123388,0.269288136605,0.269126942849
DDR1,0.268948778531,0.2691924124,0.268997814617,0.269053211536,0.269107177736,0.268955630094,0.269114507856,0.269862598931,0.269043264286,0.269083113646,0.268970896541,0.268979351052,0.271217375104,0.269293568827,0.269109677584,0.269561256345
DDR2,0.268953269331,0.269219429602,0.26909176832,0.269173955808,0.269057289037,0.268956320236,0.269071109471,0.269222662616,0.269052827874,0.268999973868,0.268966496258,0.268987410247,0.270777550493,0.269259810541,0.269075697994,0.269578886616
DMPK,0.268947048708,0.269314361173,0.269003852974,0.268969077244,0.269429113981,0.268948219491,0.269855748018,0.268958996263,0.269199711443,0.26896312442,0.269243281712,0.269035353846,0.275664822866,0.27152874905,0.269575896978,0.26910413327
DSTYK,0.268943388688,0.269087360099,0.268962933067,0.268980644981,0.269497961059,0.268946484176,0.268999449031,0.268952993887,0.269037922126,0.2689514631,0.269057370016,0.268990040492,0.271072700796,0.269548622415,0.26940944868,0.269217830969
DYRK1A,0.269017349979,0.269504256326,0.27090773761,0.269872553586,0.272585060909,0.270503855674,0.317503868144,0.27270842455,0.273971100811,0.274889022869,0.271580932328,0.269306639526,0.28960471499,0.300167976131,0.270410037668,0.269776390958
DYRK1B,0.268964056196,0.269413532236,0.269763544962,0.271260469438,0.269511738467,0.269898505123,0.279339038876,0.270697130621,0.269401587167,0.269813345224,0.269430985212,0.2697660712,0.281383285734,0.274876882818,0.269231887813,0.269485198255
DYRK2,0.268955567359,0.269138959715,0.269261033905,0.269023630736,0.269289223122,0.269050634327,0.294544550715,0.268966544107,0.269455180786,0.268948781808,0.270058272172,0.268966835818,0.274656663078,0.273810250761,0.269579371871,0.269001048773
DYRK3,0.268944897692,0.269267115548,0.269275161982,0.269159380589,0.269917302178,0.268998284678,0.282486067614,0.269085643472,0.269232270177,0.26899513381,0.26935341704,0.268974707895,0.280489618621,0.288187298842,0.269403287549,0.269137604951
DYRK4,0.268941661599,0.269002745881,0.268964628915,0.269065531614,0.269866751069,0.268960725061,0.270319172404,0.26894835162,0.269041392621,0.268947938385,0.269097863409,0.268974196765,0.274890454495,0.273631375141,0.269176012748,0.269002223098
EEF2K,0.268957367474,0.269072519454,0.269448502928,0.269026304014,0.269264344233,0.268966677511,0.269441942159,0.268944985193,0.270011952049,0.268944037335,0.269266690066,0.268965225088,0.271391285741,0.270605094239,0.269184339474,0.269294267394
EGFR,0.269022871866,0.272568222194,0.273910946018,0.272795207758,0.280921110035,0.269134728456,0.272044807021,0.716102176479,0.272301605144,0.720926602775,0.269422795441,0.278731889925,0.311032915201,0.275421169585,0.27533080866,0.280630386541
EIF2AK1,0.268941425898,0.269095100065,0.268955103089,0.268948769214,0.269307656139,0.268944228097,0.268958542625,0.269399488811,0.268946769237,0.268972314666,0.268946579338,0.269235736067,0.271735463146,0.272426504696,0.271209690777,0.269042802746
EIF2AK2,0.26894264713,0.269245192658,0.268993214568,0.269128681899,0.269565707511,0.268962478311,0.269088870285,0.26896284107,0.269242948778,0.268951078796,0.269052698307,0.269103657995,0.281160233074,0.270611662178,0.269126723881,0.269296131424
EIF2AK3,0.268942406327,0.269084408889,0.269021181535,0.269034359525,0.269585595625,0.269264315406,0.269531913805,0.270336879597,0.270428933362,0.269737205995,0.26906051959,0.26898099299,0.270753403573,0.269217008757,0.26898828713,0.270219774208
EIF2AK4,0.268941737994,0.268973917609,0.268946146685,0.26897793164,0.269147469613,0.268954540731,0.269093633646,0.268942835859,0.269516233169,0.268941944304,0.269311683145,0.269237421403,0.272726374624,0.269121609376,0.26898280146,0.269011862093
EPHA1,0.26894240483,0.269059478902,0.268952620196,0.269089109263,0.269240120966,0.268946390449,0.269051466486,0.268989985561,0.269019368018,0.268957210128,0.26904307854,0.269141582284,0.279312812956,0.269456983496,0.269117062845,0.269270948566
EPHA2,0.268946070705,0.269138291504,0.268957602703,0.269018839179,0.269666810094,0.268944755434,0.269190622682,0.454751395959,0.268949626871,0.274567974956,0.268978829139,0.269339663505,0.295440984957,0.273554554454,0.269793797044,0.271567971334
EPHA3,0.268943635045,0.269067153813,0.268999778796,0.269073031362,0.269177968096,0.26894662091,0.269015151983,0.269008088436,0.269079217143,0.268955541887,0.269091218295,0.269033088412,0.273363228011,0.269324667997,0.269228149179,0.269384748187
EPHA4,0.268942039241,0.269017910539,0.268951182699,0.269077437666,0.269193671413,0.268948582818,0.269031418673,0.269021857538,0.268985398833,0.268955348855,0.269016462684,0.269159046175,0.277287587497,0.26932025704,0.269095547819,0.269191612349
EPHA5,0.268942883041,0.269015526123,0.26895229098,0.269029027264,0.269083815663,0.268949531263,0.269029302674,0.269837018393,0.269024765247,0.269089374417,0.268994817858,0.269186223876,0.274327982525,0.269111397536,0.269046131298,0.269189641869
EPHA6,0.268941936157,0.269073341026,0.268950410539,0.26900983843,0.269173523148,0.26895121197,0.269044968802,0.270682689707,0.268972073418,0.269392751083,0.268964145405,0.269008878187,0.278239322122,0.269323070916,0.269141350359,0.269161526129
EPHA7,0.268943665027,0.269028741683,0.268954398957,0.26899707416,0.269222422264,0.268945547077,0.269015007751,0.268950994348,0.268987356061,0.268945869916,0.269027144009,0.268975117812,0.276289032459,0.269317133718,0.269127839434,0.269058693485
EPHA8,0.268942125722,0.269039242438,0.268954537412,0.269019687224,0.269140878174,0.268950601027,0.269050676568,0.269327887399,0.268994867641,0.269028373112,0.268996830965,0.269018287025,0.272249584345,0.26928023574,0.269061730888,0.26937055896
EPHB1,0.268941834911,0.269041763722,0.26895459272,0.269005077987,0.269136659902,0.268948776172,0.269005590512,0.269165762933,0.268973582533,0.268993165091,0.268986139951,0.269229965864,0.282576616156,0.269721220646,0.269114644024,0.269175260385
EPHB2,0.268942268109,0.269051810151,0.268960976973,0.269111020718,0.269120359215,0.268949194115,0.269018133297,0.269161256293,0.268977749521,0.268966915709,0.268999417624,0.269070125378,0.274751237495,0.269338534545,0.269093785023,0.269373036525
EPHB3,0.268941550849,0.269049598426,0.269036856053,0.269138431086,0.269164539808,0.268946240776,0.268989325557,0.269009717913,0.269019263086,0.268950616974,0.268953010136,0.269207862817,0.270488586918,0.26920064171,0.269090924336,0.269566169531
EPHB4,0.268956846505,0.268973847968,0.268959664553,0.271156498453,0.269575044299,0.269019323737,0.269252968097,0.431885552364,0.26916991634,0.274729875,0.269435958472,0.270202356686,0.291319875073,0.269596808839,0.270787632814,0.287236964087
EPHB6,0.268942226096,0.269163679673,0.268957397191,0.269009193127,0.269192624852,0.268950144862,0.269033652731,0.269451912849,0.268975511284,0.26900638785,0.268982866402,0.269051567755,0.278080857438,0.269812185517,0.269143270672,0.269163646867
ERBB2,0.268950995244,0.26982920126,0.269722109939,0.273030145599,0.274598996855,0.268989789624,0.269124371313,0.493758861044,0.269440301295,0.70481744541,0.268987164073,0.269762568118,0.280573635435,0.270976186355,0.269697720144,0.272566863669
ERBB3,0.268941889511,0.268962194813,0.268950085391,0.269052791689,0.269650996094,0.268951265926,0.269001132237,0.27238782359,0.269053618043,0.270413969705,0.268956800038,0.271580355754,0.271096903518,0.269034930193,0.269108964149,0.270328561108
ERBB4,0.268944557034,0.269105253126,0.269157680824,0.269875407391,0.270290393315,0.268944940279,0.269011635226,0.284909620587,0.269098180843,0.321157118484,0.268949766544,0.269112666882,0.282815271457,0.269251324913,0.268979024786,0.270177089807
ERN1,0.268948927256,0.269240179739,0.270472816425,0.269000386172,0.269091623338,0.268993535947,0.269293165402,0.268950385008,0.269243321348,0.269011875399,0.269245294447,0.269048991151,0.269605327289,0.272152467603,0.269385076431,0.269036854825
FER,0.268943868881,0.26929436939,0.269036058394,0.269422381238,0.27160894285,0.268985064016,0.269515242267,0.269322501326,0.269036510955,0.269069920131,0.269051980504,0.269785097788,0.302929634721,0.284601096392,0.270173534194,0.270761983223
FES,0.26894433437,0.269194279604,0.269018669418,0.269224678541,0.270638296265,0.268983851087,0.269336080915,0.269295069138,0.269171555374,0.269064717309,0.269129661101,0.269638540788,0.296357466411,0.276212634701,0.269568491258,0.270825214894
FGFR1,0.268957783352,0.269881345183,0.268999649105,0.269522253437,0.271039762455,0.269023197749,0.270648151499,0.27517830817,0.269483278568,0.270117702604,0.273819872949,0.2698404263,0.32463195797,0.275970102294,0.271861737575,0.273800729521
FGFR2,0.268958052631,0.269063826632,0.268944938454,0.269468435842,0.269311590342,0.269000719855,0.269057514345,0.269004087603,0.269101464948,0.268952098244,0.270235654885,0.269074952786,0.283655833418,0.269318434312,0.269012931692,0.269157305157
FGFR3,0.268957601977,0.268992082709,0.268947508312,0.269063235363,0.270204409718,0.268988904674,0.269622043058,0.26952418146,0.269146264059,0.268967675569,0.27367893525,0.269032768741,0.281573644538,0.269731869209,0.26923662854,0.2696784489
FGFR4,0.268969040585,0.268949613901,0.268943212661,0.268986004994,0.269071795596,0.268950990365,0.269074296089,0.268969301926,0.270098169263,0.268950429484,0.274769071171,0.269540603807,0.272254718719,0.268956644661,0.268972217531,0.269056163852
FGR,0.268943336895,0.269196141537,0.26899590189,0.26906255987,0.269650613424,0.268955343489,0.269055280812,0.269049498395,0.269211704544,0.268966917155,0.269147798957,0.269187806325,0.28043051695,0.269867642636,0.269466758163,0.270419788588
FLT1,0.269004412647,0.274427844723,0.274412743113,0.269969561088,0.271727750538,0.269188934439,0.278364289033,0.346830945744,0.269175776338,0.276611687151,0.27031689425,0.269988476445,0.302384500417,0.310277010647,0.271350541525,0.277060379401
FLT3,0.269488155953,0.26957296093,0.269865622688,0.27723925503,0.272551033294,0.269192773499,0.271954084967,0.271367119189,0.269636366552,0.269544280141,0.27323448372,0.271444875607,0.363370000125,0.285747501591,0.278313940994,0.270862621471
FLT4,0.268990174864,0.272693954048,0.269214091989,0.269297832886,0.26987437556,0.269173897227,0.26979095525,0.274084759287,0.269040684396,0.26961505494,0.269825265683,0.270492999876,0.308687693115,0.278843866723,0.270511334362,0.269578714098
FRK,0.268945540324,0.269436656287,0.269075781702,0.269414385348,0.270803950709,0.269119474204,0.270079514685,0.26943946078,0.26909060882,0.269130425949,0.26907081631,0.269354337986,0.290704606378,0.286815326662,0.27015694778,0.270916669206
FYN,0.268971431012,0.270600181885,0.270435019207,0.269849672315,0.275662366705,0.269096776579,0.274155953044,0.272080168491,0.269511789646,0.269882511087,0.270338043021,0.269896952087,0.316113182159,0.316851931332,0.273889055386,0.285258651195
GAK,0.268946198838,0.269399854278,0.268968097791,0.26917573436,0.269669347958,0.269147190615,0.26943937817,0.269521832377,0.27025846374,0.26918143312,0.270293808639,0.270413861298,0.2781908087,0.269561854699,0.270037227877,0.269739176722
GCK,0.268952810282,0.269092238779,0.269320594845,0.268967715508,0.269166779256,0.269123099064,0.269130473996,0.268953603808,0.269122134029,0.268965744868,0.269190055777,0.269227805527,0.269284158855,0.269836083997,0.26902072113,0.269039390298
GRK1,0.268943256777,0.269067628716,0.268977937038,0.26899954392,0.270120980311,0.268943428149,0.269058691527,0.268952393266,0.269036751457,0.268949495511,0.269045149152,0.269061062146,0.273834525894,0.26952097167,0.269397665309,0.269082263062
GRK4,0.268942403128,0.269098284223,0.268959414718,0.268970301451,0.269315575851,0.26894302148,0.26899965019,0.26895422861,0.26897142961,0.268948182867,0.269020111901,0.268981958915,0.278581338344,0.270126487434,0.269352331941,0.269060453332
GRK5,0.268956833693,0.269025779499,0.269075934205,0.269221858615,0.269741558531,0.269001571532,0.270142593869,0.268969834882,0.269684732084,0.268981637177,0.269495551158,0.26901691638,0.275266149527,0.2716801597,0.269298666502,0.269301618131
GRK7,0.268943063473,0.269213770701,0.268995523198,0.269004749503,0.270025817821,0.268943849414,0.269017110304,0.268949620918,0.269027649613,0.268947134914,0.269056760274,0.269213993871,0.272437828806,0.269544135464,0.269429200874,0.26917857915
GSG2,0.268944976179,0.269126113279,0.269027849208,0.2690070388,0.269037589238,0.268975130587,0.269267240089,0.268949212707,0.269074289626,0.268944134442,0.269084237682,0.268955670545,0.270045420426,0.269710122807,0.269074906102,0.268998339369
GSK3A,0.268953287192,0.277760467035,0.270218557247,0.27236318028,0.269905001604,0.269191605902,0.297297612399,0.269004100093,0.269403656456,0.268965897106,0.270748686006,0.269191701118,0.312268239245,0.290260845881,0.269546043116,0.269184594839
GSK3B,0.270319976139,0.28315396124,0.27290967059,0.282711095169,0.271414979411,0.271104164856,0.463203942203,0.270595517098,0.272185094012,0.269656926806,0.274902615711,0.26929328396,0.347557275823,0.300330730215,0.272582654547,0.269668259465
HCK,0.268944319173,0.268963880521,0.26895914614,0.269138489937,0.269627837213,0.268962712368,0.269290483119,0.269874003952,0.269878630578,0.269179237234,0.269126945946,0.269302227622,0.274579611229,0.270376059894,0.269335666293,0.388551603277
HIPK1,0.268945733974,0.269010559261,0.268965558197,0.268970120463,0.269819606696,0.268946675774,0.2707164075,0.26895923459,0.269310998076,0.268950431634,0.269536915494,0.268976714904,0.273575149681,0.269943099273,0.269623027811,0.269198739689
HIPK2,0.268953839379,0.269135016801,0.269290719718,0.269177417627,0.270850215675,0.269010826155,0.289419688377,0.26906632899,0.269262425643,0.269008593439,0.269780628811,0.269022119388,0.289033051148,0.298190601143,0.26990541008,0.26924449416
HIPK3,0.268949259404,0.269004980375,0.268991862408,0.268969088194,0.269527841792,0.268951031968,0.269170751469,0.268970671979,0.269075362141,0.268964066634,0.26916995684,0.268968044907,0.271215798705,0.269703245329,0.269476173114,0.269078825724
HIPK4,0.268945879992,0.269659320124,0.269182528995,0.269107369846,0.269445629331,0.268991111821,0.27155221407,0.269276209352,0.26898698643,0.269129100442,0.269095690416,0.269000675954,0.285331418715,0.287080463561,0.269488938627,0.269368667351
ICK,0.268945651296,0.269022683417,0.268964964091,0.268982105028,0.269373609023,0.268943481626,0.269127889238,0.26894774087,0.26899809502,0.268947601486,0.269068862426,0.26897835368,0.272222858159,0.270002612445,0.269223876151,0.269005069099
IGF1R,0.268942878841,0.269921731472,0.269101231591,0.272153914309,0.303315244866,0.269007036734,0.269434746603,0.27224343277,0.269399255188,0.271109153998,0.26902554505,0.436720781705,0.313113040278,0.271418459924,0.299481243054,0.415443436503
IKBKB,0.2689651029,0.27131007365,0.271602685009,0.298390821444,0.270814854998,0.269730855656,0.270829309172,0.268951396442,0.269324152367,0.268946820293,0.269372572698,0.269044722197,0.270869282455,0.2712812965,0.2693649369,0.269112519259
IKBKE,0.268979255669,0.268964487694,0.269143638553,0.556848088772,0.270125421029,0.268962568934,0.269069590704,0.268948543343,0.268953194925,0.268952583157,0.269207940126,0.269021484474,0.274198654879,0.269616574308,0.26899659934,0.269082435447
ILK,0.268941458699,0.268980571815,0.268947363052,0.268942347495,0.268943760297,0.268943157991,0.269335346564,0.268942693327,0.26897250674,0.268943577637,0.269243077847,0.268942883767,0.270938465277,0.279236259699,0.269109197282,0.268999967919
INSR,0.268941980605,0.270502504623,0.269187801504,0.269846451089,0.281878265317,0.269033227359,0.269036846907,0.269142466202,0.269049365137,0.269304534753,0.269072781054,0.373865665035,0.284938080774,0.272635347696,0.271303785148,0.290165496243
INSRR,0.268941947282,0.269042840402,0.268953564597,0.268998374568,0.269188687029,0.268948305526,0.269019795547,0.268960313884,0.268967524608,0.268948509194,0.268981817015,0.268974707703,0.273386854784,0.269889094862,0.269234429472,0.269044436547
IRAK1,0.268942312184,0.269808905217,0.269602667528,0.269184027999,0.271050475908,0.268967582399,0.271177397627,0.269505410362,0.269089108272,0.269029157699,0.269246268048,0.269929863173,0.289764857466,0.279067125481,0.269517207892,0.269527475299
IRAK3,0.268943426765,0.26900793147,0.268956607773,0.269010185023,0.269329950695,0.268945914239,0.269004383952,0.268986702937,0.269012803897,0.26896786529,0.269031932477,0.269015044777,0.274253102703,0.269421829756,0.269228048493,0.269115199586
IRAK4,0.268947039872,0.276126309311,0.269471607653,0.26942040881,0.269383003062,0.268948396795,0.272649663514,0.269031181931,0.269242653168,0.268955444586,0.269432628079,0.269316570218,0.281332967189,0.273549923909,0.270157050338,0.269160793005
ITK,0.268948730814,0.268976896239,0.270428996525,0.273856017295,0.271303272096,0.268967245611,0.269304683977,0.269178588414,0.270091962608,0.269063042694,0.26916592957,0.269025512745,0.295841663542,0.297737275153,0.270631366319,0.270320151528
JAK1,0.268948116524,0.269385263397,0.268967479387,0.293834164211,0.313115868558,0.268994065326,0.269312763708,0.268949769127,0.2691716376,0.268946258968,0.268943726127,0.26906351623,0.271622106186,0.269453286624,0.269132567004,0.269322646742
JAK2,0.26895768945,0.270173014361,0.269017809242,0.499170773492,0.349818076545,0.269857949679,0.271481424041,0.269199533158,0.269452727356,0.269097659265,0.269001272121,0.272821742734,0.315689816721,0.279310629655,0.272329507547,0.271768078135
JAK3,0.269021810438,0.270248551134,0.26914873479,0.356154854665,0.343406263336,0.269682328122,0.274347356919,0.269361462949,0.27312973388,0.269108974453,0.269083253599,0.270361059314,0.303998447824,0.283910627471,0.271561976891,0.275317766449
KDR,0.26937178208,0.312160560361,0.274155542914,0.272492925439,0.280984690379,0.271745294605,0.28240704109,0.513852142674,0.270016996365,0.297733882188,0.273364015901,0.270772928746,0.362643201684,0.318237167962,0.274276482048,0.320459507146
KHK,0.268942075882,0.268959613871,0.26895711902,0.269005042624,0.269783101852,0.268944370075,0.269206868944,0.268962285797,0.269115584313,0.268957160038,0.268988805649,0.270509412737,0.270191563187,0.269214895758,0.269303932395,0.269042624894
KIT,0.269178170086,0.270102949649,0.269361855625,0.269785304286,0.27054438193,0.270112383428,0.271303349519,0.27062220653,0.269672619553,0.269648556648,0.269794923492,0.269331907975,0.307401155407,0.289707119185,0.271891123121,0.271562102996
LATS2,0.268944472248,0.269015849186,0.268974051834,0.268965283318,0.269431086267,0.268947563326,0.269181814122,0.268947699399,0.269032158748,0.268951650597,0.269092715204,0.268959881956,0.271265126052,0.269897608674,0.269338114559,0.269016353726
LCK,0.268951913861,0.273803918861,0.272928906718,0.272617998803,0.271803114944,0.269711243601,0.270653139225,0.27542720632,0.270331207975,0.269796328827,0.269270564862,0.271859978619,0.341214689268,0.277324436981,0.27084553935,0.552887415155
LIMK1,0.268956371532,0.269018895524,0.270384458214,0.269257086391,0.270487290679,0.269168416377,0.28000790014,0.26918009329,0.269577957231,0.269155383361,0.270396125392,0.269162278994,0.272240147033,0.285633185783,0.269795946554,0.270602927896
LIMK2,0.268944332414,0.268954967823,0.269092433648,0.268965384975,0.26948005357,0.268948834443,0.269475686922,0.269003824356,0.26899580491,0.268967633401,0.269069747619,0.268999740283,0.269678641337,0.270304269515,0.269532523189,0.269005584486
LRRK2,0.269055740934,0.269704464862,0.26901837546,0.272688219731,0.27679291051,0.270217164576,0.271842448162,0.270007241975,0.271464504377,0.269119500142,0.272447025247,0.288085128406,0.294870709918,0.274878542546,0.272713441127,0.271018049583
LTK,0.268963228571,0.269369480347,0.269200969068,0.269630929188,0.272291552368,0.268995144875,0.269657309298,0.269158357906,0.269280686673,0.269071945596,0.269145877215,0.270331131232,0.286989919671,0.273959086015,0.27024196202,0.270250322452
LYN,0.268944853632,0.269562128732,0.269046036904,0.269845757743,0.271446680398,0.269091305045,0.270001005706,0.27262844732,0.270374460207,0.269476637099,0.269295575958,0.269272969404,0.324588080155,0.273476806829,0.270791583567,0.294915486673
MAP2K1,0.268951690129,0.72781612052,0.269760025206,0.269253534341,0.269279853058,0.269079908187,0.269421486062,0.269584324739,0.269008493883,0.269040687709,0.269032165107,0.269124089439,0.27242730825,0.269935622451,0.270515482537,0.269085066335
MAP2K2,0.268942369832,0.57465785548,0.269146069492,0.269169111945,0.26938104651,0.268954415758,0.269116834076,0.269039559799,0.268960538777,0.268969792107,0.268985196164,0.269239669766,0.276974359701,0.270325650231,0.269698675172,0.269513738432
MAP2K3,0.26894296274,0.269041163429,0.268986377297,0.269108078607,0.26980717751,0.268944887934,0.269103577356,0.268950272407,0.269045155785,0.268946486358,0.269019493505,0.269034259231,0.273691409111,0.26960318158,0.26924077643,0.269154682514
MAP2K4,0.268943770596,0.26908597029,0.268998945524,0.269101135497,0.26942785818,0.268954780816,0.269082623345,0.268956707989,0.269035390945,0.268958213023,0.268998523361,0.269161058227,0.277409327398,0.270433361648,0.269110603624,0.269242417706
MAP2K5,0.268942545859,0.269278591753,0.269005366201,0.269019406111,0.269236333324,0.268955493218,0.26908896771,0.270615693946,0.269096828847,0.269263513548,0.269026351909,0.269113052413,0.277129270905,0.269770423204,0.269347463164,0.269454166995
MAP2K6,0.268947188555,0.269005732377,0.26900361769,0.269148164735,0.269211690309,0.268948447886,0.269056909394,0.268943664836,0.26911674099,0.268945368181,0.269026490691,0.268988006345,0.272680553653,0.270101447097,0.269095653002,0.269089392517
MAP3K1,0.268941467171,0.540090687503,0.269016369631,0.26900002429,0.269028401031,0.268948540529,0.268969254614,0.268962980396,0.268943397361,0.268947947738,0.26894415147,0.269008039541,0.270417696491,0.269418343404,0.26938211695,0.26896865429
MAP3K10,0.26894344833,0.269174033534,0.268953518748,0.269040787252,0.269243277394,0.268945161089,0.26904705704,0.268949853397,0.269014716174,0.268945535728,0.268974551764,0.269037228572,0.280204543199,0.269616871347,0.269459746713,0.269220930546
MAP3K11,0.268951451064,0.269023153259,0.268952666504,0.269101933197,0.271074477626,0.268948206861,0.269101567797,0.268941983948,0.269386845164,0.268941646343,0.269129433155,0.268964480151,0.278200560265,0.272024167209,0.269265425696,0.269515862216
MAP3K12,0.268942125851,0.269002264315,0.268941706098,0.269069608734,0.269212973839,0.268944133362,0.268958943566,0.268941556782,0.26896734021,0.26894151213,0.2693385375,0.269072455254,0.269648946012,0.269000389967,0.269753013758,0.269368827892
MAP3K13,0.268943241983,0.269246652108,0.26896489607,0.268990362254,0.269348679918,0.268947474868,0.269025823254,0.269034117792,0.269005790088,0.26898281916,0.269018698494,0.26901570306,0.273179427515,0.269358230509,0.269457825077,0.269178868773
MAP3K14,0.268978913421,0.268949492866,0.26894193973,0.26897170066,0.26903791706,0.268950745841,0.268970995254,0.26894142321,0.269748479989,0.268941422639,0.269073387842,0.268958962292,0.269029824265,0.268956092606,0.268948976221,0.268948023942
MAP3K19,0.268944470393,0.269463185484,0.26902648655,0.269051140045,0.269935659159,0.26896926316,0.269234046568,0.269824188742,0.26923339889,0.26916593802,0.269172683891,0.269430810898,0.276606486373,0.270131106091,0.269716534407,0.269621890582
MAP3K2,0.268946724425,0.269029858247,0.269431876558,0.26912704429,0.269985925216,0.268948350251,0.269068573422,0.268981313507,0.269092153644,0.269026254473,0.26900779169,0.269085488842,0.272725680799,0.270573492624,0.269519548537,0.269547779005
MAP3K3,0.268942540648,0.269146205951,0.268995415756,0.268999729658,0.269756011102,0.268944660086,0.269030479131,0.268998430853,0.269129770477,0.268968082506,0.269054605022,0.269081135516,0.273333734304,0.269601586999,0.269510329002,0.269260468418
MAP3K5,0.268942691736,0.268958945012,0.269036557976,0.268990745054,0.269003334491,0.26895819891,0.27045046876,0.268941567249,0.269287155396,0.268942029107,0.26896645471,0.26894306357,0.269039756984,0.269352808347,0.269004645487,0.26915703877
MAP3K7,0.268944137951,0.26897826751,0.268958055374,0.268995743635,0.269578242025,0.268957304719,0.269792525011,0.26897367235,0.269281862313,0.268956004796,0.269121524,0.268961438274,0.276471506052,0.270446030742,0.269156136032,0.269285048452
MAP3K8,0.268942358618,0.270457739192,0.269278161907,0.2691383936,0.269059426416,0.268957452938,0.270256640041,0.269029299529,0.270063351779,0.269036854825,0.269177556845,0.26897404278,0.271455906884,0.269814503971,0.269081456675,0.268974706593
MAP3K9,0.268947849713,0.269237316787,0.269034964645,0.269144682131,0.269445509,0.268947616942,0.269123541467,0.268945740769,0.269057933705,0.26894367864,0.269028871961,0.268979107568,0.279876984022,0.272885518703,0.269539579201,0.269208703345
MAP4K1,0.268941808037,0.269308587558,0.268985618466,0.269020171042,0.269247391976,0.268950005817,0.269009148373,0.269179997356,0.269014640579,0.269043495637,0.269006051396,0.269058312633,0.273662510335,0.269799637744,0.269306697106,0.269473067752
MAP4K2,0.268951454714,0.26935206258,0.26921873654,0.269602013158,0.273270844543,0.269063932608,0.272066525801,0.269315959687,0.269330343181,0.269229682941,0.269327004677,0.269281726235,0.29308918854,0.291931389815,0.27105266318,0.270770376761
MAP4K3,0.268941789741,0.269193757697,0.268992758328,0.26900761671,0.269826161797,0.268942870942,0.268963318716,0.269018383899,0.268968277718,0.26897445805,0.269043550474,0.269013353366,0.272738732147,0.269489459349,0.269205601121,0.269316145913
MAP4K4,0.268948457482,0.269478705812,0.269391388478,0.269685000233,0.272486801811,0.269414327399,0.283252833915,0.270128203943,0.269530397052,0.269977825719,0.269644916856,0.269145794605,0.28663541627,0.304345324084,0.270911520043,0.270140232185
MAP4K5,0.268945316016,0.26922387851,0.269136196676,0.269418639227,0.272273682201,0.269050993394,0.270883236295,0.269579596355,0.269233260353,0.269400284773,0.269274416476,0.269195682735,0.292457206645,0.299396507867,0.270433131916,0.270245931272
MAPK1,0.269386611547,0.275312567361,0.276184222748,0.271042984265,0.272083948274,0.272177993028,0.277618679535,0.269293342133,0.269378469758,0.269311974221,0.270227764911,0.26924772497,0.276555288356,0.29280687148,0.281116269056,0.269628587451
MAPK10,0.269012660802,0.269954499142,0.272841223879,0.327369646751,0.271272200589,0.270663874049,0.269606263932,0.269097436237,0.270138478858,0.269187294113,0.269583895159,0.270511991109,0.280152618961,0.281079133529,0.271307493078,0.270939460436
MAPK11,0.268943666512,0.270001106161,0.269363345935,0.269114596391,0.270859303708,0.270398878046,0.270662065635,0.26904200854,0.269236530784,0.269281673904,0.269260974339,0.269301684449,0.269436700995,0.275344881477,0.27098654599,0.269167043989
MAPK12,0.26894244851,0.269642577381,0.26938332631,0.269085446964,0.27091652195,0.270367319972,0.27125766778,0.269128685741,0.269246746465,0.269714146226,0.269129057055,0.269207475814,0.270160971565,0.284942482362,0.27154713378,0.269133935772
MAPK13,0.268943211223,0.269686829984,0.269255258756,0.269111217095,0.271574400842,0.270593841504,0.271905204372,0.26911881931,0.269308600341,0.269392275045,0.26930850707,0.269152494414,0.270236124424,0.283911742323,0.271703003756,0.269267628761
MAPK14,0.269000109897,0.395966737027,0.279278895175,0.273112672808,0.275484665712,0.342479927795,0.270997867589,0.270094023007,0.270946536445,0.275999783966,0.270912271586,0.272775692456,0.271237279535,0.298406376071,0.311074321228,0.273952895349
MAPK15,0.268957921402,0.269062419694,0.268984832439,0.269091255915,0.269569961729,0.268962052157,0.269254283486,0.268956746952,0.269223030394,0.268962802314,0.269152251308,0.269021324367,0.274592978072,0.269685295416,0.269192219083,0.269070719043
MAPK3,0.268942492344,0.269436148371,0.268949954956,0.269198907656,0.269711117853,0.269167296745,0.269643324641,0.268994898622,0.268978119928,0.268957969992,0.26897178988,0.26907767176,0.274280545754,0.270685855806,0.269207105268,0.269069515114
MAPK7,0.268941612363,0.269104054664,0.268945459479,0.269023072218,0.269423935966,0.26894507611,0.268994162658,0.268943962409,0.268982118764,0.268943059852,0.269055137244,0.276416815913,0.282119092494,0.271940275214,0.269153554135,0.269182422227
MAPK8,0.268976541035,0.271028913288,0.306714575089,0.277981306664,0.274656049503,0.269596212224,0.269353278041,0.269172483759,0.270987051122,0.269167803482,0.270331498551,0.2756373484,0.27742007135,0.300215377998,0.27133415489,0.270571306037
MAPK9,0.268994577861,0.269472048602,0.274247326461,0.27835822837,0.274700766837,0.270873756431,0.269878674345,0.269059392794,0.270507931275,0.269379303875,0.270822427464,0.269378192063,0.277796258037,0.307202369558,0.269541462124,0.269567049469
MAPKAPK2,0.268953753241,0.269107793205,0.269097394352,0.272041828393,0.27056714749,0.269549517996,0.336811268101,0.268961528349,0.269734027259,0.268943023226,0.279580206953,0.268948398722,0.275056330991,0.270733900339,0.269270202713,0.269107787212
MAPKAPK3,0.268945173502,0.269030041704,0.269078312384,0.269073718062,0.269817227343,0.268980009281,0.269421251853,0.268944523823,0.269341804546,0.268943117078,0.269096300585,0.268954022885,0.270223571625,0.270073693024,0.269268837212,0.269166228883
MAPKAPK5,0.268941757557,0.268963352884,0.268945224275,0.26903735704,0.269071669103,0.268953368001,0.270369100093,0.268945368826,0.268953749136,0.268941846318,0.269007567621,0.268941705978,0.272181658722,0.269397836448,0.269005913548,0.268951219679
MARK1,0.268942697927,0.269070255631,0.268960454714,0.2690485752,0.269322046581,0.268944287132,0.269073351535,0.268945113064,0.269012097797,0.268945738991,0.269040776733,0.268982721352,0.274431074213,0.269919856303,0.269096693074,0.269093531984
MARK2,0.268945086875,0.269141108725,0.26902766035,0.26912526499,0.271113340508,0.268957774913,0.269761577196,0.269003896543,0.269053914626,0.268988663332,0.269430294647,0.269006435829,0.283851158628,0.281511226733,0.269704991327,0.269466062201
MARK3,0.268946613396,0.269207659381,0.269053216127,0.269494759488,0.271813020382,0.268985724506,0.270848056651,0.269014628463,0.269131397707,0.269000848536,0.269197319395,0.269072081614,0.288897386833,0.294239137394,0.269931846672,0.269484406146
MARK4,0.268943291894,0.26908038268,0.268960028888,0.269148042164,0.269639192073,0.268945117712,0.269118623576,0.268952113498,0.269029763486,0.268950463071,0.269029992792,0.269282042969,0.282708088547,0.270656520204,0.269169010895,0.269047298999
MATK,0.268943064403,0.269118806029,0.268982152687,0.269136337437,0.269436379952,0.268964718558,0.269106346996,0.269038310771,0.269011758488,0.269023900199,0.268983426953,0.26921587798,0.281835932967,0.27257150099,0.269762054104,0.2693778512
MELK,0.268945639639,0.269264206786,0.269149211702,0.269240606454,0.270896456086,0.268964861851,0.271261118398,0.269098002057,0.269061810249,0.269006164706,0.269340451039,0.269120015776,0.291431306541,0.294059658626,0.269979181085,0.269431875848
MERTK,0.268959198716,0.268946670403,0.268956373043,0.269246780892,0.269821713859,0.269002829305,0.268945406144,0.268942311501,0.269100471329,0.268945126855,0.269064352089,0.269161575296,0.27040990386,0.269445928427,0.269036389389,0.269001331104
MET,0.26895065652,0.26962849004,0.269668863243,0.269138345832,0.272276474563,0.270551618156,0.275855302934,0.271695480159,0.277106916946,0.271521242756,0.272009496102,0.269228240177,0.274822293086,0.272409655494,0.273932883122,0.270171820166
MINK1,0.268944974853,0.269143084934,0.269070395345,0.269172726579,0.271073088807,0.269098740969,0.272274938503,0.269110469272,0.269219337117,0.269047873344,0.269346862819,0.269093124965,0.283709160571,0.28462682099,0.270252321668,0.26976492905
MKNK1,0.268944513802,0.269081128727,0.268953369698,0.269099689099,0.269898507372,0.268987784633,0.269284991997,0.271323478036,0.269200837367,0.269032156931,0.269004654744,0.26896406684,0.27154847254,0.269089620796,0.268988950764,0.269017955029
MKNK2,0.26895901104,0.270723170572,0.269179794311,0.270438473488,0.269575432747,0.269460761571,0.27063558891,0.269585780501,0.269191377912,0.269728801819,0.269645186241,0.26917268246,0.27626410783,0.272220573545,0.269368310755,0.269735051919
MST1R,0.268950245699,0.269213903849,0.269037038965,0.26895923093,0.269466064447,0.269004228297,0.270432692802,0.269171417246,0.269529113931,0.269081367546,0.270011067477,0.269216436388,0.277395403394,0.271337360852,0.270018158417,0.269271091834
MST4,0.268945405916,0.269122639568,0.268973199809,0.269049043934,0.269140304728,0.268948537868,0.269043728304,0.268985961965,0.26909181804,0.268986329047,0.269071761653,0.269008500633,0.271635911061,0.269516701851,0.269186093965,0.269317870558
MTOR,0.730695431675,0.268997490494,0.269213664292,0.273413898016,0.272612862729,0.333896983689,0.279711784212,0.268945921373,0.607046081033,0.269248470796,0.421894687741,0.269016793649,0.269531191837,0.269389567073,0.269643420932,0.283792599864
MUSK,0.268941989159,0.269058077004,0.268949397996,0.2690143976,0.269234288312,0.268948966317,0.26901538561,0.268990549697,0.268966547006,0.268955386584,0.269000495412,0.269026808709,0.283421942274,0.269694319083,0.269261387812,0.269080849755
MYLK,0.268946894268,0.269374679948,0.269291751218,0.269064295068,0.273504696863,0.268944288964,0.269185299274,0.268951962848,0.269070628955,0.268953088162,0.269130008487,0.269105310908,0.274644470217,0.271283889989,0.269519565108,0.269036980701
MYLK2,0.268942634773,0.269110272226,0.268973007984,0.26900089884,0.269561153723,0.268944422762,0.269025461645,0.268988675992,0.269007668318,0.268978177426,0.269029631503,0.268981977997,0.273608928701,0.270053774779,0.269483663793,0.269135293799
MYLK3,0.268943195243,0.269114458213,0.268988024296,0.268999785223,0.269413159333,0.268946448528,0.269157264269,0.268953179205,0.269074048385,0.268951491813,0.269111957204,0.268964634538,0.272543137894,0.270394019033,0.269559006814,0.269305142817
MYLK4,0.268942594857,0.269057895047,0.268991581511,0.269001836365,0.26943988648,0.268949199142,0.269064481882,0.26894825561,0.2691553903,0.268946729681,0.269085119409,0.268995318576,0.27388332096,0.270004938401,0.269257739018,0.269260316404
NEK2,0.268954071914,0.269407907982,0.269070346332,0.26919928036,0.269497263717,0.268994488034,0.269328227604,0.269152588201,0.269302853046,0.269036053564,0.2692583063,0.269192552584,0.286957628464,0.272521665621,0.269633584174,0.271576354299
NEK4,0.268942079862,0.269142194695,0.269038945956,0.269134735749,0.269497726534,0.268966727292,0.270006114555,0.269197748758,0.269056400121,0.268983135191,0.269113599787,0.269214380433,0.296505297453,0.280589005705,0.269137491383,0.269140300458
NLK,0.268945164494,0.269027337663,0.268965986079,0.268983147724,0.269260510267,0.26900086001,0.269304429342,0.268976150106,0.269036701474,0.269003862171,0.269033944767,0.268967678837,0.271925525627,0.270368146441,0.269280821812,0.269389708811
NPR1,0.268941698548,0.269005449385,0.269031511887,0.268970006663,0.272425474826,0.268941739559,0.268959945196,0.268942127177,0.268948648016,0.268942914703,0.268950700065,0.26898191761,0.269946969124,0.27009789996,0.26969801905,0.268944988389
NTRK1,0.269160545314,0.271839134855,0.270024332842,0.268975464644,0.272502827591,0.269362504288,0.269904902731,0.269045652859,0.269197416753,0.268996022655,0.269149592354,0.269431414157,0.28380686538,0.272073809596,0.269391017542,0.270407986546
NTRK2,0.269070734154,0.269077155542,0.269004429527,0.26903835376,0.27006764856,0.269000160719,0.269455839514,0.269461807712,0.269763685541,0.269191927643,0.269422515242,0.269441757712,0.287642184714,0.271722626353,0.269504531536,0.270464990452
NTRK3,0.268957685843,0.26930433866,0.269149960824,0.26934349115,0.271345226248,0.269000721383,0.270233511112,0.269179523639,0.269128873899,0.269014070185,0.269230259679,0.269307760681,0.304464379611,0.292805706668,0.27030451098,0.270528421052
NUAK1,0.268945121045,0.26918626874,0.268967305248,0.269112283194,0.269583857313,0.268944227942,0.269007558378,0.268958056278,0.269051146323,0.268958578253,0.269107181972,0.269441985676,0.286084373078,0.270176990137,0.26944841264,0.269151026378
NUAK2,0.26894306232,0.269189306126,0.268983741028,0.269076579354,0.270333225846,0.268943908349,0.268985664945,0.268996828482,0.269040983328,0.268972447657,0.269010695393,0.269112708607,0.278859989538,0.269770228823,0.269427112053,0.269208880878
PAK1,0.268941559728,0.268962793201,0.268943391367,0.269197893845,0.26946217848,0.268947757022,0.269035807121,0.268941691813,0.268949803204,0.26894161542,0.269374721144,0.269096694225,0.292407596604,0.275578165088,0.269256610447,0.268959316232
PAK2,0.26894188681,0.268969305795,0.268951679653,0.269085669454,0.269323268474,0.268943475393,0.268983008788,0.26894366446,0.268963827045,0.268949528595,0.269177515622,0.269532838918,0.278624695678,0.271008637776,0.269164852482,0.268954260023
PAK3,0.268941786275,0.26904580664,0.268956660185,0.269070352113,0.269385073773,0.26894282527,0.268978882836,0.268943629036,0.268954082262,0.268945960441,0.269184773392,0.269194982864,0.282314592475,0.272481147944,0.26935346946,0.268961098767
PAK4,0.268957510144,0.269100999482,0.26908801945,0.270282563914,0.270228243119,0.2689437702,0.269143404932,0.268957180794,0.268976859751,0.26897610162,0.269016681114,0.26979632002,0.286456950859,0.283029605259,0.271641363961,0.26908830339
PAK7,0.268943106229,0.269192594782,0.269007519808,0.269024656404,0.270038687338,0.268944430189,0.269105532555,0.268955916496,0.269056008557,0.268956617272,0.269046507794,0.269059336164,0.278132808208,0.272561588598,0.269696508518,0.269080997012
PASK,0.268942830192,0.26915107701,0.269015713015,0.268967069547,0.269143364343,0.268956605369,0.269944304485,0.26896350427,0.269011265085,0.268965006907,0.269082529511,0.268953516872,0.272750098177,0.272934288616,0.269219913956,0.269057091826
PBK,0.2689470047,0.269102174454,0.269232446838,0.268977224912,0.269000578429,0.269054203139,0.270808392098,0.268943761601,0.2690214844,0.268942079249,0.269172170793,0.268943577366,0.269845896054,0.269837812371,0.268976945873,0.268967866854
PDGFRA,0.268999032862,0.270301605134,0.269327512784,0.26936019942,0.269751809359,0.269100332171,0.271042464438,0.276557914155,0.270322960183,0.269349353465,0.270482161627,0.269355290299,0.299542580106,0.277383905859,0.270186982766,0.276418854504
PDGFRB,0.269025365058,0.275497647019,0.271874871441,0.27055449895,0.270299093785,0.269231901121,0.271129703401,0.306663594774,0.270839028814,0.271101332006,0.270395787736,0.270118028748,0.312160624351,0.288179671533,0.278851943416,0.279309798406
PDK1,0.268980835582,0.269432578629,0.269480285886,0.268980756769,0.269435858402,0.269001284937,0.268984739034,0.268944291782,0.269103112408,0.269083890522,0.269063042465,0.269578605192,0.269043933012,0.269262005216,0.269263234943,0.268968135498
PDK2,0.268943211805,0.269068714418,0.268967819347,0.268974757276,0.269208796377,0.268960130074,0.268946120595,0.268941803658,0.269027792478,0.268952580576,0.268959654081,0.269167295405,0.268983658635,0.269023166085,0.269172535401,0.268947843154
PDK3,0.268942542762,0.269213752058,0.269128214096,0.268970292391,0.269263083374,0.268953746098,0.268954493201,0.268945173534,0.268976566682,0.269010653523,0.268956368867,0.269556578919,0.269064264538,0.269313562188,0.269097303296,0.268965785991
PDK4,0.268942552979,0.269255154101,0.269134307778,0.268960734643,0.269260418495,0.268953890677,0.26895711495,0.268946397238,0.268976615471,0.269025651741,0.268961528693,0.269527740072,0.269081187651,0.269321200766,0.269110749014,0.268974839006
PDPK1,0.268945410577,0.273014018003,0.268983619291,0.269598588788,0.269603114733,0.268964440761,0.270876747537,0.269306729853,0.269120023017,0.26897399339,0.270992967956,0.268969166251,0.315156937127,0.273946459328,0.269015240551,0.269070870051
PFKFB2,0.268983833712,0.268984792034,0.269026500226,0.269020342243,0.269135167236,0.268942648956,0.268952338956,0.268943764817,0.26896547242,0.268960869787,0.268967775353,0.268947224251,0.269338616838,0.269013186391,0.26897460506,0.268960313488
PFKFB3,0.268982305645,0.269009017472,0.26911829635,0.269010692254,0.269111591543,0.268943005467,0.268962181394,0.268943901772,0.268973894918,0.268959231083,0.268966219208,0.268944838822,0.269351737935,0.269026307613,0.268978169402,0.268970430819
PGK1,0.268943197584,0.268985917675,0.268961103317,0.26895304846,0.269182655435,0.269143020129,0.269099258661,0.269048109007,0.269252683291,0.269267843838,0.268986738944,0.269683649834,0.270091428278,0.269532977059,0.269095884845,0.268991723063
PHKA1,0.268944661609,0.269015369526,0.268956414702,0.268951726278,0.269165603739,0.268943193954,0.26906959162,0.268942079675,0.269005744433,0.268943572891,0.26901261118,0.268947279073,0.27142553826,0.269742681723,0.269113427251,0.268989183108
PHKG1,0.268942394272,0.269108396689,0.268968572959,0.26897409215,0.269335241156,0.268943720242,0.269005275442,0.268955478965,0.268981733931,0.268948782707,0.268999170009,0.268983381371,0.274344283969,0.269657730378,0.269273428427,0.269107751761
PHKG2,0.268943148311,0.26928194093,0.269043785809,0.269202842184,0.270826013829,0.268957819324,0.270447951166,0.269158584882,0.269142511795,0.269008416771,0.269172783282,0.269160415343,0.288079294326,0.277803437132,0.27071028568,0.269216954052
PI4KA,0.268947101382,0.268958956611,0.268982621762,0.268979521895,0.269014667229,0.292245865641,0.270122976124,0.268943680883,0.275513462143,0.268963400563,0.279099546035,0.268952521745,0.269413309214,0.269710325852,0.268974140282,0.269168322896
PI4KB,0.268994708162,0.268949247559,0.269000755938,0.269049600281,0.269260137945,0.269391613894,0.271887600276,0.268958813897,0.273699845306,0.269023577201,0.272881803474,0.268953098898,0.26982120693,0.269800676735,0.269138571458,0.270417462082
PIK3C2B,0.269169639845,0.26895473982,0.269026350043,0.269000805439,0.269371688211,0.269509151415,0.271404821744,0.268975884826,0.290533156365,0.269259666579,0.273766733546,0.268961952575,0.269639824192,0.26948206198,0.269460664909,0.269309948937
PIK3C3,0.269204035107,0.268978924291,0.268954177589,0.269055648067,0.269294312029,0.26923839005,0.269647495491,0.268941651985,0.271732401677,0.268948464371,0.273350695588,0.268958066576,0.269637379171,0.269291524113,0.270818612064,0.268995053257
PIK3CA,0.596311407082,0.268963042529,0.269383606941,0.27209787281,0.271144225555,0.467492462479,0.320534165164,0.269076961888,0.667261444398,0.273993192087,0.598423030041,0.26904430467,0.270180858612,0.270988579401,0.270715788686,0.31726171763
PIK3CB,0.2712151939,0.268990072854,0.269353605619,0.269631191068,0.271255718707,0.335000841195,0.289606558996,0.269067357256,0.591835323011,0.271242523989,0.428373252436,0.269000392754,0.269864422927,0.270146254122,0.282529450697,0.2788411744
PIK3CD,0.27006536628,0.268953697232,0.269437221424,0.269173049129,0.282070828954,0.28766434691,0.286080327636,0.269196803942,0.642886645397,0.272415824186,0.358507340359,0.269040690834,0.269815216899,0.270439127322,0.279441334522,0.322652473356
PIK3CG,0.336435082095,0.268946868638,0.272291846157,0.270638218502,0.274691490015,0.275975123724,0.425878041093,0.268963160241,0.419217560224,0.269450789115,0.359730471105,0.269169591799,0.271897487362,0.273236886832,0.270013060668,0.290593287362
PIK3R1,0.269529755055,0.268945920108,0.268949157257,0.269193675089,0.269619167788,0.269054985962,0.269157972139,0.268945970569,0.272184502151,0.268965052888,0.274232509812,0.268976303353,0.270272513267,0.269401118016,0.269271979147,0.269091592456
PIK3R4,0.268968084832,0.269149117274,0.269113038623,0.268976426415,0.269405394768,0.269103720591,0.269948106713,0.268949115273,0.269119312943,0.269000818296,0.269073589102,0.269102969873,0.27027457017,0.269510238448,0.269383284953,0.268994668294
PIM1,0.268978356922,0.271418836919,0.273962695717,0.269107751245,0.269540848395,0.269069131552,0.381747041369,0.268962850327,0.272341773906,0.268956134997,0.309468845982,0.269009937351,0.278742249672,0.291075476056,0.269997321452,0.26905110604
PIM2,0.268963641897,0.269796430977,0.271575145892,0.269028821178,0.269476487494,0.269012329434,0.343746566142,0.268949813253,0.270657081574,0.268951733594,0.289637145519,0.268960543142,0.274008209482,0.280637805577,0.269362832744,0.268985198001
PIM3,0.268946149948,0.269236667409,0.270754331462,0.269032394002,0.269236243195,0.268970054034,0.282230247532,0.268945403017,0.270093443324,0.268944185055,0.286314482501,0.268960354057,0.274740302254,0.283249048594,0.269076446037,0.269037137349
PIP4K2B,0.268942457684,0.269052090049,0.268963274856,0.268977185217,0.269272301761,0.268943198979,0.26900085488,0.268946817873,0.268977087358,0.268945306603,0.269009326635,0.268964677349,0.272608274646,0.269848192717,0.269299292516,0.269048978782
PIP4K2C,0.268952020727,0.268983179698,0.268959570421,0.269108909075,0.269453056638,0.269036849545,0.26958295068,0.269196704947,0.270080217865,0.269065189633,0.269150149496,0.269165650491,0.275212576484,0.269340737896,0.269160694465,0.269391345837
PIP5K1A,0.268942679473,0.269109892404,0.268980506463,0.268977457663,0.269458898574,0.268943203208,0.269032055395,0.268949523586,0.269007889869,0.268947235588,0.269038169442,0.268972307359,0.273221239655,0.26971905679,0.269313155284,0.269056861515
PKLR,0.269043215894,0.269805641226,0.269070597634,0.269088672642,0.269066602967,0.27025823277,0.269024612292,0.268948543227,0.270568783186,0.269017077195,0.268993221953,0.268999169185,0.269088636849,0.269615729389,0.269065392021,0.268944565548
PKM,0.269032015538,0.274564982461,0.275598329794,0.269353505407,0.270712751442,0.269748535164,0.270872031562,0.269063141212,0.271620743153,0.269229630353,0.269714342095,0.26934377416,0.270321652825,0.280246604025,0.275873617853,0.26910714379
PKN1,0.268954651269,0.26897096092,0.268975582587,0.268982523483,0.269945025751,0.268954272408,0.269672518578,0.268946305907,0.269196388848,0.268949388303,0.269510558171,0.268967253481,0.272818217799,0.270296425442,0.269349207158,0.269034979861
PKN2,0.268945313148,0.269689675603,0.269545887986,0.269264486503,0.271090524263,0.268994730398,0.276926748672,0.269000571856,0.269153192956,0.26896550653,0.269357250742,0.269083656024,0.279951781248,0.29183099915,0.270802274763,0.269138144983
PLK1,0.268951303741,0.272942986545,0.269031592889,0.270755729828,0.269521611201,0.269016839022,0.269735707753,0.268958401546,0.269628539399,0.268943444783,0.269967414423,0.322918612665,0.47410696518,0.274529801385,0.270056401362,0.269598824561
PLK2,0.268968604052,0.26896228142,0.268950411172,0.269041818794,0.269793244737,0.269119232731,0.26921981965,0.268941558891,0.271967763403,0.26894165091,0.271117269861,0.269113925349,0.270685624054,0.269589699685,0.269072749286,0.268997959598
PLK3,0.268971509728,0.269551379256,0.269002306416,0.269141617126,0.269967884173,0.269054527929,0.312848498215,0.269027341844,0.269627032551,0.268950463054,0.270119329932,0.269871187776,0.308438589166,0.296318964872,0.269351415284,0.269742068943
PLK4,0.268981866985,0.269713296436,0.269137494176,0.269753668795,0.277247133289,0.269005911399,0.277616509979,0.269009462326,0.269007227981,0.268988336589,0.26955166268,0.26906168812,0.298633066014,0.300521457231,0.274743667086,0.269958385157
PRKAA1,0.268947569401,0.269469391687,0.269380514969,0.269273705057,0.272684810024,0.26898787876,0.271613440153,0.2691731051,0.269201963947,0.269073909511,0.269602145407,0.269921227866,0.302599476449,0.299006756122,0.271615317782,0.269434890235
PRKAA2,0.268946847617,0.269056807809,0.268978408556,0.269030559192,0.269946353804,0.268947652927,0.269125769691,0.268953466798,0.269074374181,0.268946588203,0.269095462254,0.268992476143,0.277237482552,0.26994305169,0.269352005234,0.269206205733
PRKAB1,0.268957448956,0.268962801875,0.268953983912,0.269128973131,0.269501261617,0.269002068964,0.270211505187,0.268947754888,0.269603633599,0.268948781913,0.269535890163,0.269006251313,0.270872685273,0.26947574999,0.2691125662,0.26920281288
PRKACA,0.269340550927,0.269479255833,0.274104114838,0.269340504075,0.27726627078,0.269231565058,0.294753526425,0.268999978166,0.269099271907,0.269010502402,0.270717983086,0.269026676795,0.273079327837,0.304888702955,0.271626476119,0.269460715348
PRKACB,0.268948633721,0.269026636128,0.269015885116,0.268967151238,0.270889278259,0.268947564456,0.269836579889,0.2689434343,0.269037305701,0.26895379737,0.26928908199,0.268967491021,0.271879702993,0.272946942928,0.269291662726,0.268993638057
PRKACG,0.268945865782,0.269025634425,0.269031728608,0.268964307595,0.270857998903,0.268946249522,0.26971111235,0.268943104314,0.269024135506,0.268950560451,0.269240071171,0.268958913033,0.270748734459,0.273042889199,0.269297593511,0.268984818492
PRKAG1,0.26896757383,0.26896458356,0.268958191626,0.269093492195,0.26970395211,0.26898768522,0.269615913269,0.268948276452,0.269705595294,0.268946206875,0.269242661792,0.268961431289,0.270218998071,0.269188691461,0.269050068759,0.269117929693
PRKCA,0.269451413463,0.290027537386,0.269815595886,0.269095978213,0.26999278147,0.268947570699,0.271773250136,0.268947696354,0.269478190993,0.268953845859,0.27026799356,0.269082450982,0.282438305058,0.273884137936,0.275340838646,0.26904232711
PRKCB,0.269396544536,0.269980859651,0.269180917698,0.269103704454,0.270116677304,0.268947841785,0.26985173031,0.268942410951,0.268995045531,0.268943257411,0.269202285729,0.269122631055,0.284325850118,0.271458140507,0.27105346272,0.268980478873
PRKCD,0.269055648118,0.278814340802,0.270252607507,0.268986597945,0.270529568453,0.268948255724,0.27259040219,0.26894840413,0.269249646862,0.268943624656,0.273563624134,0.269135066274,0.277189108073,0.272590494338,0.277851634305,0.268993976009
PRKCE,0.269199382288,0.271264467604,0.270389544118,0.268992744155,0.269611317934,0.268947286023,0.273624479955,0.268943906223,0.269104136762,0.268942320179,0.270851186812,0.268972276177,0.271439003137,0.27024865454,0.269681785934,0.26902190001
PRKCG,0.26900536736,0.269933236535,0.269455976485,0.269018283617,0.270941687342,0.26894981459,0.272695363764,0.268943852837,0.269248001092,0.268943802154,0.270221845597,0.269055878995,0.274902420787,0.274589573946,0.272578096142,0.269038589018
PRKCH,0.269102302983,0.26993426938,0.269290059756,0.268956332153,0.269381875339,0.26894546073,0.274353876487,0.268941712347,0.269155576444,0.268941566378,0.270186560753,0.268963835381,0.271056403365,0.270031295543,0.26985628389,0.268955348071
PRKCI,0.268947844498,0.268952566866,0.268942956931,0.268967379771,0.269961131608,0.268977148567,0.278567039796,0.268945958197,0.269027605257,0.268942921518,0.269696361656,0.268949208387,0.271781715503,0.269915701127,0.269344941554,0.26894859233
PRKCQ,0.268959010637,0.277079338435,0.270023342093,0.268983691582,0.27294497351,0.268948601494,0.270783196788,0.268948038671,0.269249608049,0.268942596742,0.272200989683,0.269355276072,0.279858162933,0.272809369189,0.272521238738,0.268959188078
PRKCZ,0.268976586195,0.269276488333,0.269290245501,0.269043790101,0.270122985168,0.268954919125,0.270414439347,0.268943020255,0.269268053464,0.268946898427,0.270087417263,0.269000822262,0.273229337436,0.275795948154,0.269797780082,0.269184576919
PRKD1,0.268966644472,0.269161342548,0.269144528143,0.269628022016,0.269920178489,0.268952624451,0.272123550721,0.268942171207,0.269675136793,0.268942353516,0.270411933815,0.268975314979,0.271373504647,0.271909828282,0.27056856032,0.269092394077
PRKD2,0.268949901695,0.269172352731,0.269082267097,0.26956976604,0.270387151449,0.269094853396,0.273780434612,0.268967024511,0.269353928135,0.268956611234,0.269984549499,0.269097244852,0.28317457362,0.281497472784,0.270408774601,0.269245885099
PRKD3,0.268962282235,0.269567560865,0.26923226996,0.269801007133,0.27158808361,0.269038262156,0.275878632243,0.268958060085,0.26965886401,0.268965701943,0.270151754225,0.269324768431,0.286377700691,0.285991408095,0.271289117425,0.269500169794
PRKDC,0.2689512724,0.268974800583,0.269070956826,0.269250913076,0.269392850502,0.278601132527,0.269755875847,0.269048952728,0.272510114263,0.26919071105,0.270669092505,0.269126712747,0.269144854141,0.269184725356,0.296730093637,0.276977150589
PRKG1,0.268944755144,0.270016679522,0.269258869104,0.269065049943,0.277340181316,0.269304437566,0.277842579051,0.268949957138,0.269039664127,0.268971039459,0.26958038738,0.269039556388,0.271345776638,0.281390082618,0.271686916963,0.269122839557
PRKG2,0.26894377312,0.269165378717,0.269374107884,0.269026494462,0.271313176416,0.268961896804,0.27569375854,0.268954036747,0.269110143878,0.2689610619,0.269330754499,0.268961427237,0.270684220952,0.278690165736,0.270157822231,0.2690898571
PRKX,0.268944419398,0.269380285228,0.269780803107,0.269096819059,0.270547790084,0.268981224143,0.275447457114,0.268981792516,0.269087647021,0.268965600994,0.269456023234,0.269005828264,0.27834926848,0.295248620703,0.269955678415,0.269088964608
PTK2,0.268945444164,0.270060546704,0.268987734967,0.272093805154,0.270377116864,0.269706945213,0.269007787163,0.269058747408,0.269008545731,0.269144725148,0.26937186344,0.698726003419,0.416465306376,0.291949275978,0.276096116268,0.272865011881
PTK2B,0.268971140783,0.270689297348,0.269094094594,0.269550433016,0.269845652002,0.269039945607,0.269179042846,0.268997431997,0.26918949343,0.26900400197,0.26999543324,0.311029830587,0.335410741502,0.278325983398,0.273210449073,0.269773079147
PTK6,0.268942034686,0.269585586868,0.268962051744,0.269106378383,0.269758161157,0.268959707821,0.269147574895,0.271867321632,0.268986749855,0.269461788096,0.268957540225,0.269419577454,0.281094059199,0.271062454564,0.269164074754,0.270257577788
RAF1,0.268992051931,0.278006214922,0.270136256566,0.269189166069,0.270753348959,0.27098938471,0.270524157242,0.271844024172,0.269107049114,0.272294569801,0.269471626743,0.269487914878,0.273528950855,0.29863007916,0.270031823465,0.2693715937
RET,0.268985428585,0.27095184838,0.269252678412,0.269432917565,0.269774340481,0.269465400753,0.27108836882,0.297196814646,0.26954360443,0.270473423221,0.269561856625,0.26944498737,0.322761038982,0.284383142427,0.26945319677,0.281011637164
RIOK1,0.268942404862,0.269082064443,0.268962608706,0.268977332944,0.269237244328,0.268943437477,0.269054526424,0.268965889857,0.268996774518,0.268952294193,0.269057008557,0.268977193949,0.27672820988,0.270110042705,0.26929404456,0.26908408711
RIOK2,0.268944197354,0.269016737585,0.26895435018,0.269005133008,0.269241017812,0.268954731756,0.269048385405,0.268955758937,0.269006198303,0.268955712969,0.269037352098,0.268972226741,0.272056988438,0.269619455269,0.269160315486,0.269120313293
RIOK3,0.268943155378,0.269023875349,0.268962837935,0.268975865555,0.269348739394,0.26894344603,0.269109660284,0.268957647105,0.26898805974,0.268950747388,0.269014855793,0.268971568538,0.279088249115,0.269996894624,0.269208932902,0.269058979357
RIPK1,0.268944334573,0.268994721479,0.268966216939,0.268989709107,0.269173891123,0.268973155098,0.269078981531,0.268964708953,0.268979116697,0.268964350669,0.269008462323,0.268948497875,0.273284036286,0.270750729696,0.269015381659,0.269175951613
RIPK2,0.268941428531,0.269038527599,0.268944892593,0.270107456647,0.268947552027,0.271122537795,0.27044415792,0.270939413157,0.26901949782,0.269908172204,0.268964394413,0.269112065184,0.306690375485,0.273420221887,0.269194934998,0.269024708709
RIPK4,0.268942632228,0.269009669402,0.268956240684,0.268980379962,0.269283781645,0.268946199772,0.269087801063,0.268981270925,0.269009468914,0.268962697489,0.26903327913,0.268981699153,0.273585985337,0.269766060972,0.269144717488,0.269150148706
RNASEL,0.268941787005,0.268946022469,0.268949539679,0.269040179887,0.269403518494,0.268942216157,0.268949912148,0.268942395983,0.268953901485,0.268944006603,0.268949901416,0.26895332007,0.269288563918,0.26909531624,0.268970209345,0.269088861814
ROCK1,0.269001037147,0.269750218329,0.273985121885,0.270216138304,0.277232023336,0.269236771178,0.279463008849,0.269008629883,0.268982964693,0.269011626253,0.269332903674,0.26901551453,0.272548765607,0.28751994873,0.26949815825,0.269915798626
ROCK2,0.269102679752,0.270178529681,0.275139888571,0.269510249266,0.275444204405,0.269302794092,0.279778467561,0.269022277492,0.269084600417,0.269010878532,0.269838790809,0.269042614809,0.270194338542,0.272148816914,0.269408483392,0.270460727823
ROS1,0.26895627382,0.269356783427,0.269039797358,0.269558032936,0.270256962435,0.269050543871,0.270628780704,0.269095135309,0.269324325573,0.269048043557,0.26968188315,0.269697508599,0.29072951311,0.279891292187,0.27140542442,0.27028147338
RPS6KA1,0.268988208593,0.269206882239,0.269039805336,0.269116555693,0.270420033931,0.269033948164,0.270578529665,0.268961072677,0.269417364141,0.268962797094,0.269254925023,0.26901271041,0.27267400682,0.270442250606,0.269690333064,0.269610996164
RPS6KA2,0.268942604123,0.269568545057,0.26898249076,0.269070829028,0.269794362515,0.268951743516,0.269110378626,0.269052830472,0.268998560362,0.268986611151,0.268976905982,0.269556704277,0.303982750071,0.270487525999,0.269305130927,0.26910699716
RPS6KA3,0.269143349229,0.270062718942,0.270287691273,0.269540518083,0.272201694482,0.269042468012,0.275257209586,0.269289740611,0.270139851533,0.269099126264,0.270280589584,0.2695152072,0.305176410586,0.281627262464,0.270552443969,0.270870502776
RPS6KA4,0.26895094001,0.269154555166,0.269002119796,0.268991771552,0.269871990856,0.268958487165,0.269524045796,0.268962747229,0.269113039401,0.268966410279,0.269203980862,0.269064353909,0.274779215953,0.270595886298,0.269582408434,0.269426778437
RPS6KA5,0.268973298893,0.269042467583,0.269056114096,0.269009024629,0.270991615554,0.269016322463,0.273406293581,0.268961618842,0.269388666214,0.268974788919,0.26944307389,0.268952947671,0.274978146359,0.27460556856,0.269919391469,0.269785061828
RPS6KA6,0.268944181236,0.269269172537,0.268970492936,0.269214977076,0.270425683896,0.268965190536,0.269162890736,0.268967026013,0.269125629421,0.268960589307,0.269146445894,0.269735197257,0.275490144159,0.269960677008,0.269299106619,0.26919727083
RPS6KB1,0.2690559707,0.269035159542,0.269123348789,0.269208736738,0.283207158744,0.269129632953,0.272146709974,0.26937477973,0.27020441004,0.269015660462,0.282027838618,0.269028701005,0.274482875016,0.276956255158,0.272805889066,0.270372821025
SBK1,0.26894367855,0.26901359208,0.268952989994,0.268972227212,0.269109678866,0.268945081336,0.268996869389,0.268952382141,0.268997667741,0.268948735785,0.269014453072,0.268980651432,0.27397665224,0.269581799552,0.269221478837,0.269011384738
SGK1,0.268990965325,0.269516281827,0.26895722214,0.269499279496,0.269581519134,0.275856004306,0.269087092645,0.268942633106,0.269027745613,0.268974377509,0.269836131109,0.269006582985,0.273288028677,0.278178904161,0.269071195261,0.268961520194
SGK2,0.26894296302,0.269140694555,0.269192124177,0.269071990884,0.26941236211,0.268958061632,0.272062329513,0.268992370287,0.268983648304,0.268978166844,0.269206167451,0.268967728175,0.278886205876,0.297219708549,0.269332254139,0.269048103512
SGK3,0.268942347184,0.268992521061,0.268970807462,0.268959412103,0.269255113009,0.26894381411,0.269060029625,0.268948584244,0.268992847644,0.268948035331,0.269023907084,0.268958210619,0.271760167546,0.270085964935,0.269429767467,0.26904528907
SIK1,0.268944244447,0.268995139292,0.268950178333,0.269077905201,0.269396626588,0.269158200615,0.269407962356,0.268988765657,0.269259981453,0.26899302909,0.269086385408,0.269012577185,0.28719108539,0.271376012874,0.269244917615,0.269258341758
SIK2,0.268943294986,0.269011449901,0.268949520781,0.269033856567,0.269374951226,0.269536926267,0.26980417389,0.268980374239,0.26920472613,0.268972443221,0.269183965352,0.269160875161,0.30129616961,0.277087863098,0.269459633299,0.269438617654
SIK3,0.268943349703,0.26896125832,0.268944410769,0.268977992227,0.269108961991,0.269156381763,0.269176185641,0.268948547367,0.269207668256,0.268953882429,0.269163499995,0.268976244116,0.278177077123,0.269950488399,0.269127003015,0.269097005881
SLK,0.268944934996,0.269600788438,0.269153994973,0.269290106155,0.269871060651,0.2689687482,0.269676917481,0.269639852277,0.269051046938,0.269091820668,0.269088970372,0.269198167826,0.299523932344,0.28572798543,0.269959412877,0.269902344108
SMG1,0.270854600891,0.268943945388,0.268956618228,0.275679164011,0.269052879158,0.269280546953,0.269054510077,0.268944102465,0.26933558187,0.268993977966,0.269043935365,0.26894657373,0.26953999911,0.26929183286,0.269027611338,0.269230716743
SPHK1,0.269003529948,0.269041023999,0.269215445473,0.269244012412,0.269367464677,0.268944223374,0.269089616165,0.268941477387,0.26895249003,0.268941695018,0.268968367931,0.268945272163,0.268996034633,0.269159524014,0.269371865594,0.268944563083
SPHK2,0.268941748229,0.269036107968,0.268987180041,0.269051088938,0.269290059252,0.268945745119,0.268995177412,0.268942300442,0.268947566649,0.2689421274,0.268945488206,0.268951872426,0.26928353647,0.269170481569,0.269224246197,0.268955991807
SRC,0.268958717209,0.27141641445,0.269849268066,0.2739243754,0.275878902388,0.26957257551,0.270853843104,0.294575206397,0.273103698245,0.270384029898,0.270247953472,0.270737581952,0.327795910858,0.278485918283,0.273760338948,0.325812077015
SRMS,0.268944378754,0.269175348154,0.269013655601,0.269132898037,0.269614634499,0.268971524453,0.269111544574,0.269121148691,0.269048338969,0.269004270756,0.26898580828,0.269188557587,0.281883567313,0.272073246845,0.269935390875,0.270523097981
SRPK1,0.268944797025,0.26912567808,0.269117016116,0.269060846789,0.269744648852,0.268964059929,0.269447940618,0.268990727087,0.269106432112,0.268991664003,0.269089198937,0.269119177168,0.28457246231,0.279803438788,0.269428503186,0.269180179777
SRPK2,0.268942087566,0.269017629259,0.268960180258,0.268972680921,0.26918957882,0.268943906769,0.2690196001,0.2689516407,0.268987402793,0.268946729731,0.269001056365,0.26895936529,0.272757375496,0.269878202537,0.26926523285,0.269076492081
SRPK3,0.268942308055,0.269049785886,0.268952672409,0.268967585507,0.269192365027,0.26894368218,0.269030200043,0.268951541836,0.268977244499,0.268948866659,0.269013934722,0.268978181372,0.275185394862,0.269844040805,0.269207389482,0.269059440095
STK10,0.268943492638,0.269292647634,0.268959893436,0.269025166672,0.269259861782,0.268948359082,0.268986415489,0.269470219794,0.268988589222,0.26912250579,0.26898535284,0.269040495417,0.279047536207,0.269852772821,0.269430850999,0.269271970786
STK11,0.268942592517,0.26904485254,0.268961764786,0.268976719146,0.269206455203,0.268944510289,0.269096316178,0.268946578056,0.268989146807,0.268948883175,0.269026911325,0.268955958702,0.273161744321,0.269770746378,0.269246456338,0.269056592764
STK16,0.268946479165,0.26918692403,0.269006947091,0.269309683817,0.269678881304,0.26895120898,0.269096457515,0.26895239713,0.269106160759,0.268950369796,0.26903825657,0.269003165854,0.279478110486,0.270154753947,0.269208502234,0.269197141466
STK17A,0.268943392834,0.269586285478,0.269488331207,0.269346994462,0.271055517149,0.268979116086,0.274018202095,0.269119507452,0.269155994211,0.269026671269,0.26941157284,0.269063546538,0.292338802064,0.308818545521,0.27029535866,0.269080984699
STK17B,0.268947879195,0.269118431976,0.269044249444,0.269047776838,0.269075227216,0.26896053669,0.270090463308,0.268948870544,0.26971419548,0.268944465666,0.270193441106,0.268973762991,0.276518479238,0.271414548458,0.269224815472,0.269234103153
STK24,0.268942033723,0.269121806485,0.268988585081,0.268990970713,0.269235498341,0.268944707183,0.269056387128,0.269045811373,0.269017911306,0.269036473964,0.269010933815,0.26906102964,0.275703088891,0.270436633866,0.269371359244,0.269133238052
STK3,0.26897141689,0.269189550353,0.269132958003,0.269362728292,0.272057511698,0.269018293221,0.27136241857,0.269178823199,0.269241902417,0.269110690647,0.269413116095,0.269170467703,0.29414222508,0.290555310692,0.271088082011,0.270178067964
STK33,0.268941805239,0.269746339478,0.269146264849,0.268976821819,0.269233059585,0.268948135198,0.269111726646,0.269074997113,0.269009294683,0.269038357046,0.268997436272,0.269097716199,0.279726241829,0.271926086527,0.269093674769,0.269491148186
STK35,0.268942400474,0.269101134163,0.268962794383,0.268966631546,0.269367354632,0.268946627469,0.269033850217,0.269147322334,0.269023588092,0.268997339575,0.269050628649,0.269026385797,0.273067587198,0.269490913,0.269522455407,0.269246169052
STK4,0.268942838541,0.269172541744,0.26898103244,0.269036577896,0.269817658213,0.268945412373,0.26902250965,0.268982018155,0.269034785419,0.268974893558,0.26899246959,0.26900709122,0.273400965263,0.269787616585,0.26935477776,0.269271928902
SYK,0.268970574714,0.277028033813,0.268958616019,0.300647267338,0.270447710262,0.269441668479,0.271205180274,0.269120971607,0.269211692497,0.268949297629,0.269693626075,0.268976861593,0.329267439423,0.273442677546,0.272389027985,0.269065947576
TAB1,0.26894545493,0.268948080372,0.268949485214,0.268963127235,0.269760167434,0.268945783352,0.26912465174,0.268951839112,0.269124613448,0.268947560076,0.269014385771,0.268967109816,0.270058256705,0.269240328597,0.269072235604,0.269775194062
TAOK1,0.268957736181,0.269541883983,0.270705816344,0.269604574754,0.270793405306,0.268967202575,0.269839963754,0.269020961565,0.26905751363,0.268975972797,0.269037279385,0.269424866712,0.275876145878,0.273808813377,0.269447192279,0.269846830012
TAOK2,0.268945584026,0.269294880436,0.269853519853,0.269052924758,0.270113493455,0.268945867451,0.269159808803,0.268952398083,0.269022315123,0.268945492166,0.268975837914,0.269039703035,0.269993486435,0.269426670761,0.269065231359,0.269058869112
TAOK3,0.268945602294,0.269443726733,0.270208248413,0.269076860671,0.270523187118,0.2689482559,0.269185416634,0.268958708077,0.269012004372,0.268947233786,0.268990645983,0.26901317578,0.269688566124,0.269549829336,0.269127739848,0.269056683817
TBK1,0.269091972072,0.268990363748,0.269123395261,0.485936299175,0.270305059859,0.268964761664,0.269045483127,0.268950940823,0.268963024049,0.268947989998,0.269399818052,0.269287201188,0.284364364642,0.269927997833,0.268988106962,0.269011292819
TEC,0.26894180163,0.268977746767,0.268959551877,0.269191927826,0.271951184223,0.268950941527,0.269001935596,0.268963027675,0.269305895294,0.268952863352,0.268965572004,0.269005418072,0.27044276222,0.26930947826,0.269208741525,0.272129900383
TEK,0.269846826113,0.270974327599,0.269532047499,0.269529800942,0.26926499615,0.275571328699,0.277061934417,0.273728300886,0.271522599213,0.270310172285,0.272938674614,0.269233577338,0.278272009456,0.273840030412,0.269362167263,0.292728992416
TGFBR1,0.268943164694,0.271378368638,0.269068955634,0.269328270788,0.269785713015,0.269419619822,0.279646059138,0.269790619126,0.269816715098,0.269170615597,0.269228652565,0.269566776924,0.273774549951,0.278000373649,0.270193106732,0.269397381599
TGFBR2,0.26899941613,0.269153094589,0.26900053187,0.269137452316,0.270247896029,0.26913520084,0.270698303018,0.268963918559,0.270273392224,0.268987789476,0.269410769892,0.269115021469,0.271155052312,0.269953572474,0.2694072543,0.269155767179
TIE1,0.268942539745,0.269094522158,0.268951551487,0.269089767414,0.269107787887,0.268948068042,0.269009572624,0.269252186875,0.268981692356,0.26903510866,0.268961988865,0.268981589344,0.27919729273,0.269490623108,0.269072417139,0.269076434761
TK1,0.268942353457,0.269464405203,0.268972320056,0.269121895399,0.269546833277,0.268944803385,0.269042902256,0.268945067226,0.268956659472,0.268963169963,0.268981631942,0.269207631417,0.269847109801,0.270989671729,0.270508374188,0.268970146722
TK2,0.268943758579,0.269496397673,0.269011252294,0.268986140463,0.269446905464,0.268942456994,0.269059335322,0.268942836529,0.268981640993,0.268942693009,0.269096128955,0.268960113777,0.269473921327,0.269442100139,0.269252582233,0.26896715509
TNIK,0.268947755798,0.270482817962,0.270161800391,0.27025192907,0.269047019299,0.26895276547,0.269100049803,0.268996069662,0.268965659175,0.268961804048,0.269024185178,0.269002035262,0.271726488999,0.270253174273,0.269351923214,0.269077761111
TNK1,0.268942589428,0.26908248737,0.268956604594,0.269113516834,0.269496297611,0.268944419524,0.269021141939,0.269025184446,0.268981182357,0.268983189594,0.268983984609,0.269206253039,0.285622686171,0.270129627908,0.269277568669,0.26917233891
TNK2,0.268949147798,0.269128629897,0.269086768964,0.27000428041,0.280209365788,0.268950374695,0.268959278753,0.269163734073,0.269136928647,0.26908332523,0.268982950531,0.271428898408,0.279119144667,0.270327608327,0.270141819983,0.270728908275
TNNI3K,0.268941566848,0.269007891454,0.2689438109,0.269244201252,0.269601026138,0.26897441744,0.269012572672,0.269144472485,0.268971570564,0.269074426314,0.269033571916,0.269089624121,0.275407432603,0.271634099032,0.269314268748,0.269165900669
TSSK1B,0.26894164575,0.269174839724,0.26901740109,0.269030752261,0.270008625198,0.268947082626,0.270219361896,0.269003349431,0.268984830203,0.268966679691,0.26911467271,0.269360993178,0.295061093066,0.285968066419,0.26936340248,0.269027527114
TSSK2,0.26894174583,0.269090794586,0.269000481417,0.269028037943,0.26940174071,0.268955335633,0.2695517129,0.269008693878,0.269008596515,0.268970400968,0.269074045695,0.269343341935,0.285605789829,0.27433577664,0.269380999082,0.269048618161
TTK,0.268945115727,0.272964793577,0.269090783688,0.275881287556,0.272843130745,0.268964663426,0.268971526792,0.26897705131,0.268988400166,0.269013323445,0.268947003533,0.276832293518,0.274295416853,0.271488778325,0.269651126846,0.270882752438
TXK,0.268941563129,0.268994120414,0.268996790519,0.269307344174,0.270661684245,0.268945404683,0.269060233259,0.269041681304,0.269157921586,0.268971480382,0.268987584055,0.269031031467,0.274008177802,0.27059169075,0.269525172061,0.269121599702
TYK2,0.268948551253,0.269275080732,0.268959901686,0.281827169884,0.281735012215,0.269201859671,0.269848553613,0.269377998937,0.269533360656,0.269123852451,0.268957547189,0.269425286004,0.278995094316,0.270133357505,0.26935677786,0.269123440188
TYRO3,0.26901556126,0.268998793191,0.269018336279,0.269607397955,0.271434659407,0.26909541168,0.269052038799,0.268958863393,0.269431136107,0.268979812189,0.269374822071,0.269588267544,0.277907123893,0.272266754521,0.269371768013,0.269889895131
ULK1,0.268942585975,0.269121938975,0.268962475981,0.268993724426,0.269469242909,0.268945831958,0.269052511447,0.268959524189,0.268996597131,0.2689533803,0.26902129468,0.268982815273,0.274402212699,0.270057371992,0.269364928216,0.26909457481
ULK2,0.268942915595,0.269107466794,0.268971184215,0.268982853954,0.270111680884,0.268943713248,0.269092047059,0.268962082308,0.269057751902,0.268950142075,0.269056056596,0.269012471373,0.275702214429,0.270207647823,0.269456399336,0.269151355118
ULK3,0.268942415132,0.269076342645,0.268987876123,0.269001703641,0.269278723364,0.268944519239,0.26904248247,0.269080532924,0.268980807276,0.268959553208,0.269001949045,0.268994488289,0.276579611306,0.27007316583,0.269351122829,0.26916415557
WEE1,0.268941513953,0.269322281468,0.268944324848,0.26900484957,0.269202288786,0.268945644617,0.269351870588,0.268948967411,0.269001646217,0.268971284329,0.268973945901,0.269425939232,0.293017395269,0.272331177419,0.269088587118,0.269017993363
YES1,0.268941975966,0.26917848569,0.269039761912,0.269043419514,0.270115873903,0.268951308282,0.269058605631,0.26915961115,0.269023352646,0.268957778937,0.269016793145,0.269432265105,0.279928100233,0.270242439509,0.269473112486,0.270802173247
ZAK,0.268943484735,0.268977463539,0.268995713306,0.269241960538,0.269548473885,0.269295542731,0.273297559145,0.269003583252,0.269510705725,0.268951166241,0.26919628817,0.268998900422,0.271249844386,0.274302289376,0.269422105623,0.26929422088
ZAP70,0.268948133015,0.269183506139,0.26902165414,0.269373981227,0.270293433086,0.270157983138,0.269141474943,0.26939662778,0.269409492216,0.269490710495,0.269270848878,0.275495379901,0.302823825757,0.269156891098,0.268991619926,0.269168930765
